n,ij,ji
1,0.00,0.00
2,0.00,0.00
3,0.00,0.00
4,0.00,0.00
5,0.00,0.00
6,0.00,0.00
7,0.00,0.00
8,0.00,0.00
9,0.00,0.00
10,0.00,0.00
11,0.00,0.00
12,0.00,0.00
13,0.00,0.00
14,0.00,0.00
15,0.00,0.00
16,0.00,0.00
17,0.00,0.00
18,0.00,0.00
19,0.00,0.00
20,0.00,0.00
21,0.00,0.00
22,0.00,0.00
23,0.00,0.00
24,0.00,0.00
25,0.00,0.00
26,0.00,0.00
27,0.00,0.00
28,0.00,0.00
29,0.00,0.00
30,0.00,0.00
31,0.00,0.00
32,0.00,0.00
33,0.00,0.00
34,0.00,0.00
35,0.00,0.00
36,0.00,0.00
37,0.00,0.00
38,0.00,0.00
39,0.00,0.00
40,0.00,0.00
41,0.00,0.00
42,0.00,0.00
43,0.00,0.00
44,0.00,0.00
45,0.00,0.00
46,0.00,0.00
47,0.00,0.00
48,0.00,0.00
49,0.00,0.00
50,0.00,0.00
51,0.00,0.00
52,0.00,0.00
53,0.00,0.00
54,0.00,0.00
55,0.00,0.00
56,0.00,0.00
57,0.00,0.00
58,0.00,0.00
59,0.00,0.00
60,0.00,0.00
61,0.00,0.00
62,0.00,0.00
63,0.00,0.00
64,0.00,0.00
65,0.00,0.00
66,0.00,0.00
67,0.00,0.00
68,0.00,0.00
69,0.00,0.00
70,0.00,0.00
71,0.00,0.00
72,0.00,0.00
73,0.00,0.00
74,0.00,0.00
75,0.00,0.00
76,0.00,0.00
77,0.00,0.00
78,0.00,0.00
79,0.00,0.00
80,0.01,0.01
81,0.01,0.01
82,0.01,0.01
83,0.00,0.00
84,0.00,0.00
85,0.00,0.00
86,0.00,0.00
87,0.00,0.00
88,0.00,0.00
89,0.00,0.00
90,0.00,0.00
91,0.00,0.00
92,0.00,0.00
93,0.00,0.00
94,0.00,0.00
95,0.00,0.00
96,0.00,0.00
97,0.00,0.00
98,0.00,0.00
99,0.00,0.00
100,0.00,0.00
101,0.00,0.00
102,0.00,0.00
103,0.00,0.00
104,0.00,0.00
105,0.00,0.00
106,0.00,0.00
107,0.00,0.00
108,0.00,0.00
109,0.00,0.00
110,0.00,0.00
111,0.00,0.00
112,0.00,0.00
113,0.00,0.00
114,0.00,0.00
115,0.00,0.00
116,0.00,0.00
117,0.00,0.00
118,0.00,0.00
119,0.00,0.01
120,0.00,0.00
121,0.01,0.01
122,0.01,0.00
123,0.01,0.00
124,0.01,0.01
125,0.00,0.00
126,0.03,0.03
127,0.03,0.03
128,0.00,0.00
129,0.01,0.01
130,0.00,0.00
131,0.01,0.01
132,0.01,0.01
133,0.01,0.01
134,0.00,0.01
135,0.01,0.01
136,0.01,0.01
137,0.01,0.01
138,0.01,0.01
139,0.01,0.01
140,0.01,0.01
141,0.01,0.01
142,0.01,0.01
143,0.01,0.01
144,0.01,0.01
145,0.01,0.01
146,0.01,0.01
147,0.01,0.01
148,0.01,0.01
149,0.01,0.01
150,0.01,0.01
151,0.01,0.01
152,0.01,0.01
153,0.01,0.01
154,0.01,0.01
155,0.01,0.01
156,0.01,0.02
157,0.01,0.01
158,0.01,0.01
159,0.01,0.01
160,0.01,0.01
161,0.01,0.01
162,0.01,0.01
163,0.01,0.01
164,0.01,0.01
165,0.01,0.01
166,0.01,0.01
167,0.01,0.01
168,0.01,0.01
169,0.01,0.01
170,0.01,0.01
171,0.01,0.01
172,0.01,0.01
173,0.01,0.01
174,0.01,0.01
175,0.01,0.01
176,0.01,0.01
177,0.01,0.01
178,0.01,0.01
179,0.01,0.01
180,0.01,0.01
181,0.01,0.01
182,0.01,0.01
183,0.01,0.01
184,0.01,0.01
185,0.01,0.01
186,0.01,0.01
187,0.01,0.01
188,0.01,0.01
189,0.01,0.01
190,0.02,0.02
191,0.02,0.02
192,0.01,0.01
193,0.01,0.01
194,0.01,0.01
195,0.01,0.01
196,0.01,0.01
197,0.01,0.01
198,0.01,0.01
199,0.01,0.01
200,0.01,0.01
201,0.01,0.01
202,0.01,0.01
203,0.01,0.01
204,0.01,0.01
205,0.01,0.01
206,0.01,0.01
207,0.01,0.01
208,0.01,0.01
209,0.01,0.01
210,0.01,0.01
211,0.01,0.01
212,0.01,0.01
213,0.02,0.01
214,0.02,0.02
215,0.02,0.02
216,0.02,0.02
217,0.02,0.02
218,0.01,0.01
219,0.01,0.01
220,0.02,0.02
221,0.01,0.01
222,0.02,0.02
223,0.02,0.02
224,0.01,0.01
225,0.01,0.01
226,0.02,0.01
227,0.02,0.01
228,0.03,0.02
229,0.01,0.02
230,0.02,0.02
231,0.02,0.02
232,0.02,0.02
233,0.01,0.02
234,0.02,0.02
235,0.02,0.02
236,0.02,0.02
237,0.02,0.02
238,0.02,0.02
239,0.02,0.02
240,0.02,0.02
241,0.02,0.02
242,0.02,0.02
243,0.02,0.02
244,0.02,0.02
245,0.02,0.02
246,0.02,0.02
247,0.02,0.02
248,0.02,0.02
249,0.02,0.02
250,0.02,0.02
251,0.02,0.02
252,0.02,0.02
253,0.06,0.02
254,0.16,0.15
255,0.20,0.20
256,0.02,0.02
257,0.02,0.02
258,0.02,0.02
259,0.02,0.02
260,0.02,0.02
261,0.02,0.02
262,0.02,0.02
263,0.02,0.02
264,0.02,0.03
265,0.02,0.02
266,0.02,0.02
267,0.02,0.02
268,0.02,0.02
269,0.02,0.02
270,0.02,0.02
271,0.03,0.02
272,0.02,0.02
273,0.03,0.02
274,0.02,0.02
275,0.02,0.02
276,0.02,0.02
277,0.02,0.02
278,0.03,0.03
279,0.02,0.02
280,0.03,0.03
281,0.03,0.03
282,0.03,0.03
283,0.03,0.02
284,0.03,0.03
285,0.02,0.03
286,0.04,0.04
287,0.04,0.04
288,0.03,0.03
289,0.03,0.03
290,0.03,0.03
291,0.03,0.03
292,0.03,0.03
293,0.03,0.03
294,0.03,0.03
295,0.03,0.03
296,0.03,0.03
297,0.03,0.03
298,0.03,0.03
299,0.03,0.03
300,0.03,0.03
301,0.03,0.03
302,0.04,0.04
303,0.03,0.03
304,0.03,0.03
305,0.04,0.04
306,0.04,0.03
307,0.04,0.04
308,0.06,0.04
309,0.04,0.04
310,0.04,0.04
311,0.04,0.04
312,0.04,0.04
313,0.03,0.03
314,0.03,0.03
315,0.04,0.04
316,0.04,0.04
317,0.03,0.03
318,0.11,0.09
319,0.16,0.10
320,0.03,0.04
321,0.04,0.04
322,0.04,0.04
323,0.04,0.04
324,0.04,0.04
325,0.04,0.04
326,0.04,0.05
327,0.05,0.05
328,0.04,0.04
329,0.05,0.05
330,0.04,0.05
331,0.05,0.05
332,0.05,0.04
333,0.04,0.05
334,0.06,0.05
335,0.05,0.05
336,0.05,0.05
337,0.04,0.04
338,0.05,0.06
339,0.05,0.06
340,0.05,0.05
341,0.05,0.06
342,0.05,0.05
343,0.06,0.06
344,0.05,0.06
345,0.06,0.06
346,0.05,0.05
347,0.06,0.05
348,0.05,0.06
349,0.06,0.05
350,0.08,0.08
351,0.07,0.07
352,0.05,0.05
353,0.05,0.05
354,0.05,0.06
355,0.06,0.06
356,0.06,0.05
357,0.05,0.05
358,0.06,0.06
359,0.06,0.06
360,0.05,0.05
361,0.05,0.06
362,0.05,0.06
363,0.06,0.06
364,0.10,0.06
365,0.06,0.06
366,0.06,0.06
367,0.06,0.06
368,0.06,0.06
369,0.06,0.06
370,0.06,0.06
371,0.06,0.06
372,0.05,0.05
373,0.06,0.06
374,0.06,0.06
375,0.09,0.08
376,0.07,0.07
377,0.07,0.07
378,0.07,0.06
379,0.09,0.07
380,0.06,0.06
381,0.06,0.06
382,0.33,0.35
383,0.33,0.34
384,0.09,0.07
385,0.06,0.07
386,0.07,0.07
387,0.07,0.06
388,0.06,0.11
389,0.07,0.07
390,0.07,0.07
391,0.08,0.07
392,0.07,0.07
393,0.13,0.20
394,0.07,0.07
395,0.07,0.07
396,0.12,0.11
397,0.11,0.07
398,0.08,0.08
399,0.08,0.08
400,0.15,0.15
401,0.07,0.07
402,0.08,0.08
403,0.07,0.07
404,0.08,0.07
405,0.07,0.07
406,0.08,0.08
407,0.08,0.08
408,0.07,0.08
409,0.11,0.09
410,0.08,0.08
411,0.09,0.10
412,0.08,0.08
413,0.08,0.09
414,0.11,0.11
415,0.11,0.11
416,0.08,0.08
417,0.08,0.08
418,0.09,0.08
419,0.07,0.07
420,0.13,0.10
421,0.08,0.08
422,0.09,0.09
423,0.09,0.09
424,0.09,0.09
425,0.09,0.11
426,0.09,0.11
427,0.09,0.11
428,0.08,0.12
429,0.09,0.12
430,0.11,0.12
431,0.10,0.13
432,0.09,0.12
433,0.09,0.10
434,0.09,0.12
435,0.18,0.11
436,0.09,0.12
437,0.12,0.13
438,0.10,0.12
439,0.11,0.12
440,0.10,0.12
441,0.14,0.13
442,0.16,0.13
443,0.10,0.13
444,0.13,0.13
445,0.10,0.14
446,0.37,0.38
447,0.37,0.39
448,0.16,0.19
449,0.15,0.17
450,0.15,0.20
451,0.14,0.14
452,0.13,0.15
453,0.13,0.15
454,0.12,0.14
455,0.12,0.13
456,0.19,0.17
457,0.14,0.14
458,0.14,0.14
459,0.14,0.15
460,0.14,0.17
461,0.17,0.16
462,0.16,0.16
463,0.22,0.21
464,0.20,0.23
465,0.19,0.17
466,0.15,0.17
467,0.15,0.16
468,0.16,0.17
469,0.17,0.17
470,0.16,0.15
471,0.13,0.15
472,0.17,0.17
473,0.17,0.16
474,0.25,0.23
475,0.22,0.23
476,0.23,0.25
477,0.22,0.24
478,0.27,0.28
479,0.20,0.21
480,0.15,0.18
481,0.18,0.18
482,0.17,0.17
483,0.10,0.10
484,0.19,0.20
485,0.18,0.20
486,0.17,0.16
487,0.17,0.18
488,0.19,0.20
489,0.20,0.20
490,0.16,0.18
491,0.17,0.18
492,0.18,0.20
493,0.18,0.20
494,0.22,0.24
495,0.21,0.21
496,0.19,0.21
497,0.20,0.17
498,0.18,0.17
499,0.22,0.21
500,0.22,0.23
501,0.16,0.25
502,0.20,0.20
503,0.21,0.20
504,0.19,0.21
505,0.20,0.21
506,0.19,0.20
507,0.21,0.22
508,0.21,0.21
509,0.22,0.21
510,1.11,1.11
511,1.12,1.12
512,0.22,0.24
513,0.22,0.24
514,0.23,0.22
515,0.21,0.22
516,0.23,0.24
517,0.21,0.22
518,0.22,0.18
519,0.21,0.22
520,0.25,0.24
521,0.26,0.24
522,0.21,0.22
523,0.21,0.22
524,0.24,0.23
525,0.20,0.16
526,0.24,0.24
527,0.25,0.23
528,0.38,0.16
529,0.20,0.24
530,0.22,0.22
531,0.22,0.23
532,0.26,0.25
533,0.25,0.25
534,0.24,0.23
535,0.22,0.23
536,0.26,0.26
537,0.23,0.23
538,0.23,0.24
539,0.24,0.23
540,0.26,0.26
541,0.18,0.16
542,0.30,0.31
543,0.30,0.33
544,0.26,0.26
545,0.24,0.24
546,0.24,0.25
547,0.25,0.25
548,0.26,0.20
549,0.29,0.28
550,0.25,0.26
551,0.25,0.26
552,0.29,0.29
553,0.28,0.28
554,0.26,0.26
555,0.26,0.26
556,0.30,0.29
557,0.38,0.40
558,0.37,0.41
559,0.22,0.32
560,0.28,0.31
561,0.29,0.31
562,0.28,0.26
563,0.26,0.27
564,0.29,0.28
565,0.31,0.28
566,0.27,0.27
567,0.26,0.26
568,0.31,0.29
569,0.30,0.25
570,0.27,0.28
571,0.29,0.27
572,0.30,0.29
573,0.30,0.31
574,0.56,0.69
575,0.65,0.72
576,0.31,0.30
577,0.25,0.23
578,0.29,0.31
579,0.31,0.29
580,0.34,0.33
581,0.29,0.26
582,0.30,0.31
583,0.30,0.29
584,0.36,0.35
585,0.35,0.35
586,0.32,0.30
587,0.30,0.30
588,0.34,0.32
589,0.34,0.34
590,0.35,0.35
591,0.35,0.35
592,0.26,0.29
593,0.33,0.34
594,0.40,0.41
595,0.32,0.32
596,0.36,0.34
597,0.26,0.34
598,0.32,0.32
599,0.32,0.32
600,0.27,0.28
601,0.36,0.36
602,0.32,0.31
603,0.33,0.31
604,0.37,0.35
605,0.37,0.36
606,0.36,0.40
607,0.40,0.40
608,0.34,0.42
609,0.35,0.35
610,0.31,0.32
611,0.33,0.33
612,0.35,0.36
613,0.37,0.47
614,0.34,0.33
615,0.33,0.33
616,0.39,0.40
617,0.39,0.39
618,0.36,0.36
619,0.27,0.28
620,0.34,0.27
621,0.40,0.38
622,0.42,0.40
623,0.39,0.41
624,0.40,0.40
625,0.41,0.40
626,0.43,0.34
627,0.34,0.34
628,0.37,0.38
629,0.29,0.33
630,0.29,0.33
631,0.32,0.33
632,0.30,0.30
633,0.23,0.19
634,0.37,0.29
635,0.48,0.36
636,0.40,0.40
637,0.38,0.41
638,1.08,1.04
639,1.02,1.02
640,0.40,0.41
641,0.40,0.39
642,0.38,0.36
643,0.39,0.37
644,0.44,0.41
645,0.26,0.29
646,0.27,0.35
647,0.35,0.40
648,0.38,0.40
649,0.43,0.43
650,0.36,0.42
651,0.40,0.38
652,0.44,0.43
653,0.44,0.44
654,0.46,0.38
655,0.46,0.46
656,0.40,0.45
657,0.44,0.32
658,0.43,0.40
659,0.40,0.38
660,0.46,0.44
661,0.29,0.30
662,0.34,0.47
663,0.41,0.42
664,0.47,0.46
665,0.48,0.46
666,0.40,0.40
667,0.52,0.52
668,0.46,0.44
669,0.27,0.45
670,0.44,0.50
671,0.47,0.49
672,0.45,0.42
673,0.45,0.45
674,0.41,0.40
675,0.42,0.40
676,0.38,0.41
677,0.47,0.46
678,0.41,0.41
679,0.42,0.42
680,0.48,0.46
681,0.38,0.47
682,0.43,0.42
683,0.41,0.43
684,0.46,0.47
685,0.41,0.42
686,0.50,0.49
687,0.50,0.50
688,0.48,0.47
689,0.48,0.47
690,0.29,0.40
691,0.43,0.43
692,0.45,0.48
693,0.49,0.48
694,0.42,0.40
695,0.43,0.45
696,0.47,0.49
697,0.50,0.47
698,0.44,0.43
699,0.47,0.44
700,0.50,0.47
701,0.49,0.48
702,1.13,1.10
703,1.01,1.25
704,0.64,0.65
705,0.32,0.51
706,0.48,0.42
707,0.45,0.47
708,0.53,0.51
709,0.54,0.52
710,0.53,0.48
711,0.46,0.48
712,0.54,0.53
713,0.51,0.53
714,0.46,0.46
715,0.40,0.44
716,0.51,0.52
717,0.52,0.52
718,0.54,0.53
719,0.55,0.54
720,0.50,0.51
721,0.44,0.56
722,0.49,0.47
723,0.30,0.44
724,0.53,0.51
725,0.42,0.54
726,0.50,0.50
727,0.53,0.48
728,0.56,0.55
729,0.38,0.47
730,0.48,0.64
731,0.49,0.49
732,0.55,0.53
733,0.55,0.56
734,0.62,0.62
735,0.62,0.53
736,0.36,0.49
737,0.45,0.54
738,0.52,0.49
739,0.48,0.38
740,0.58,0.57
741,0.41,0.43
742,0.59,0.48
743,0.54,0.53
744,0.59,0.57
745,0.35,0.44
746,0.55,0.52
747,0.55,0.53
748,0.50,0.77
749,0.59,0.55
750,0.58,0.60
751,0.60,0.60
752,0.54,0.55
753,0.75,0.58
754,0.57,0.53
755,0.56,0.52
756,0.61,0.59
757,0.41,0.57
758,0.56,0.57
759,0.58,0.57
760,0.63,0.53
761,0.63,0.60
762,0.59,0.55
763,0.59,0.54
764,0.40,0.61
765,0.38,0.58
766,2.33,2.47
767,2.40,2.38
768,0.41,0.55
769,0.51,0.60
770,0.52,0.55
771,0.98,0.74
772,0.61,0.57
773,0.43,0.46
774,0.35,0.52
775,0.35,0.57
776,0.61,0.61
777,0.74,0.77
778,0.59,0.47
779,0.80,0.44
780,0.57,0.63
781,0.57,0.63
782,0.80,0.59
783,0.60,0.60
784,0.41,0.56
785,0.62,0.61
786,0.51,0.57
787,0.59,0.57
788,0.63,0.62
789,0.63,0.62
790,0.37,0.59
791,0.61,0.59
792,0.51,0.64
793,0.67,0.64
794,0.56,0.58
795,0.62,0.57
796,0.67,0.65
797,0.65,0.65
798,0.73,0.72
799,0.72,0.74
800,0.49,0.67
801,0.69,0.64
802,0.65,0.62
803,0.65,0.63
804,0.71,0.69
805,0.67,0.68
806,0.62,0.64
807,0.65,0.65
808,0.41,0.48
809,1.09,0.96
810,0.64,0.61
811,0.64,0.60
812,0.67,0.64
813,0.76,0.69
814,0.69,0.65
815,0.73,0.72
816,0.63,0.67
817,0.73,0.53
818,0.65,0.63
819,0.66,0.63
820,0.68,0.68
821,0.44,0.62
822,0.57,0.65
823,0.65,0.65
824,0.59,0.75
825,0.55,0.68
826,0.54,0.62
827,0.54,0.64
828,0.59,0.69
829,0.72,0.48
830,1.24,1.54
831,1.32,1.55
832,0.53,0.70
833,0.61,0.70
834,0.66,0.64
835,0.66,0.65
836,0.54,0.45
837,0.73,0.55
838,0.43,0.60
839,0.64,0.68
840,0.76,0.62
841,0.72,0.76
842,0.67,0.74
843,1.06,0.57
844,0.75,0.77
845,0.76,0.76
846,0.60,0.79
847,0.80,0.65
848,0.79,0.80
849,0.67,0.72
850,0.50,0.58
851,0.43,0.54
852,0.89,0.91
853,0.92,0.89
854,0.90,0.90
855,0.90,0.87
856,0.58,0.81
857,0.86,0.91
858,0.57,0.75
859,0.49,0.48
860,0.65,0.64
861,0.50,0.68
862,0.68,0.69
863,0.63,0.66
864,0.52,0.67
865,0.53,0.77
866,0.68,0.72
867,0.74,0.74
868,0.76,0.78
869,0.68,0.55
870,0.54,0.52
871,0.45,0.69
872,0.56,0.60
873,0.66,0.79
874,0.82,0.50
875,0.69,0.71
876,0.83,0.81
877,0.53,0.77
878,0.86,0.99
879,0.75,0.85
880,0.82,0.71
881,0.77,0.59
882,0.52,0.63
883,0.76,0.79
884,0.53,0.78
885,0.75,0.73
886,0.55,0.78
887,0.62,0.80
888,0.82,0.82
889,0.76,0.83
890,0.51,0.70
891,0.82,0.76
892,0.82,0.84
893,0.74,0.83
894,2.16,2.27
895,2.10,2.29
896,0.83,0.83
897,0.81,0.83
898,0.60,0.76
899,0.81,0.82
900,0.80,0.83
901,0.81,0.81
902,0.52,0.70
903,0.62,0.82
904,0.86,0.86
905,0.85,0.86
906,0.54,0.81
907,0.79,0.75
908,0.76,0.64
909,0.58,0.74
910,0.69,0.89
911,0.89,0.77
912,0.84,0.81
913,0.84,0.87
914,0.86,0.82
915,0.75,0.82
916,0.70,0.86
917,0.58,0.86
918,0.59,0.53
919,0.53,0.70
920,0.90,0.90
921,0.67,0.68
922,0.58,0.69
923,0.68,0.83
924,0.95,0.63
925,1.03,1.06
926,0.86,0.76
927,0.91,0.98
928,0.58,0.84
929,0.87,0.85
930,0.88,0.85
931,0.87,0.86
932,0.81,0.90
933,0.92,0.94
934,0.90,0.90
935,0.84,0.88
936,0.89,0.93
937,0.90,0.93
938,0.79,0.89
939,0.75,0.88
940,0.88,0.73
941,0.95,0.74
942,0.78,0.98
943,1.03,0.99
944,0.78,0.95
945,0.82,0.93
946,0.72,0.87
947,0.61,0.88
948,0.83,0.98
949,0.68,0.88
950,0.61,0.72
951,0.87,0.62
952,0.65,0.70
953,0.75,0.61
954,0.59,0.87
955,0.67,0.66
956,0.78,0.76
957,0.65,0.91
958,1.61,1.74
959,1.64,2.13
960,0.61,0.87
961,0.70,0.78
962,0.66,0.85
963,0.60,0.83
964,0.76,0.91
965,0.78,0.86
966,0.81,0.81
967,0.89,0.82
968,0.87,0.95
969,0.95,0.83
970,0.69,0.64
971,0.88,1.12
972,0.65,0.81
973,0.83,0.92
974,0.95,0.90
975,0.90,0.82
976,0.65,0.82
977,0.80,0.93
978,0.63,0.80
979,0.77,0.69
980,0.77,0.67
981,0.74,0.78
982,0.61,0.59
983,0.71,0.69
984,0.83,0.95
985,0.89,0.98
986,0.78,0.92
987,0.89,0.75
988,0.76,0.70
989,0.68,0.83
990,0.84,1.00
991,1.03,1.12
992,0.78,0.77
993,0.84,0.87
994,0.84,0.96
995,0.80,0.96
996,0.80,0.72
997,0.80,0.88
998,0.70,0.90
999,0.80,0.97
1000,0.83,0.98
1001,1.27,0.87
1002,0.77,0.79
1003,0.81,0.72
1004,1.37,1.26
1005,1.04,0.86
1006,0.99,0.95
1007,1.02,0.86
1008,0.91,0.88
1009,0.89,0.82
1010,0.78,0.77
1011,0.84,0.76
1012,0.81,0.98
1013,1.13,1.16
1014,0.95,0.70
1015,0.73,0.88
1016,0.90,1.05
1017,1.02,0.91
1018,0.73,1.12
1019,0.74,0.85
1020,0.86,0.90
1021,1.41,0.90
1022,4.87,5.36
1023,5.04,5.39
1024,0.84,0.97
1025,0.99,0.92
1026,0.80,0.96
1027,0.82,0.79
1028,1.08,0.96
1029,0.92,0.86
1030,0.83,0.78
1031,0.80,0.77
1032,1.07,0.87
1033,0.99,0.89
1034,0.89,0.79
1035,0.87,0.78
1036,1.19,1.10
1037,1.82,1.15
1038,1.19,0.90
1039,1.73,0.99
1040,1.10,0.88
1041,1.07,0.88
1042,1.35,0.96
1043,1.07,0.80
1044,1.21,0.88
1045,1.06,1.07
1046,0.79,0.85
1047,1.23,1.02
1048,0.99,1.19
1049,2.21,1.37
1050,1.12,0.84
1051,0.94,0.79
1052,1.19,0.93
1053,1.05,0.99
1054,1.10,1.24
1055,1.36,0.98
1056,1.05,1.01
1057,1.11,0.90
1058,0.98,0.81
1059,1.53,1.41
1060,1.21,0.94
1061,1.14,0.94
1062,0.99,0.81
1063,1.00,0.89
1064,1.49,1.13
1065,1.85,1.40
1066,1.16,0.87
1067,1.08,0.93
1068,1.30,1.16
1069,1.12,0.95
1070,1.03,0.92
1071,1.29,1.77
1072,1.84,1.07
1073,1.16,0.93
1074,0.98,0.86
1075,0.95,0.85
1076,1.12,1.02
1077,1.22,0.96
1078,0.90,0.79
1079,0.88,0.84
1080,1.32,0.98
1081,1.52,1.25
1082,0.98,0.86
1083,1.14,0.87
1084,1.09,0.96
1085,1.09,0.98
1086,1.19,1.11
1087,1.12,1.35
1088,0.98,0.98
1089,0.99,1.15
1090,1.13,0.94
1091,1.07,0.88
1092,1.10,1.00
1093,1.26,1.15
1094,0.87,0.85
1095,1.20,1.17
1096,1.64,1.19
1097,1.43,1.03
1098,1.87,1.11
1099,1.13,1.02
1100,1.51,1.08
1101,1.46,1.45
1102,1.31,1.02
1103,1.46,1.04
1104,1.21,1.14
1105,1.36,1.00
1106,1.02,0.92
1107,1.10,0.95
1108,1.12,1.00
1109,1.86,1.84
1110,0.98,0.87
1111,0.92,0.89
1112,1.21,1.05
1113,1.26,1.19
1114,1.17,1.27
1115,1.14,0.97
1116,1.41,1.08
1117,1.15,1.04
1118,1.33,1.20
1119,1.24,1.29
1120,1.82,1.45
1121,1.59,1.47
1122,1.30,0.98
1123,1.31,0.99
1124,1.25,1.22
1125,1.16,1.04
1126,0.95,0.89
1127,1.10,0.98
1128,1.58,1.29
1129,1.37,1.10
1130,1.18,0.97
1131,1.17,0.98
1132,1.50,1.14
1133,1.74,1.34
1134,1.16,1.00
1135,1.10,1.01
1136,1.51,1.41
1137,1.56,1.17
1138,1.18,1.00
1139,1.04,1.11
1140,1.21,1.23
1141,1.44,1.13
1142,1.05,0.94
1143,0.97,0.90
1144,1.28,1.17
1145,1.50,1.28
1146,1.25,1.05
1147,1.13,1.00
1148,1.20,1.12
1149,1.41,1.19
1150,3.07,3.16
1151,3.33,3.12
1152,1.28,1.16
1153,1.56,1.22
1154,1.53,1.06
1155,1.17,1.07
1156,1.33,1.20
1157,1.43,1.21
1158,1.07,0.99
1159,1.51,1.05
1160,1.30,1.46
1161,2.14,1.35
1162,1.15,1.08
1163,1.53,1.32
1164,1.85,1.24
1165,1.32,1.18
1166,1.65,1.22
1167,1.61,1.17
1168,1.36,1.22
1169,1.44,1.37
1170,1.26,1.14
1171,1.27,1.10
1172,1.60,1.53
1173,1.70,1.57
1174,1.59,2.35
1175,1.13,1.03
1176,1.45,1.22
1177,2.12,1.32
1178,1.23,1.09
1179,1.18,1.07
1180,1.46,1.28
1181,1.34,1.25
1182,1.41,1.33
1183,1.55,1.42
1184,1.33,1.31
1185,1.79,2.10
1186,1.45,1.18
1187,1.21,1.13
1188,1.86,1.62
1189,1.70,1.30
1190,1.15,1.07
1191,1.33,1.15
1192,1.75,1.37
1193,1.50,1.32
1194,1.46,1.26
1195,1.30,1.16
1196,1.61,1.38
1197,1.58,1.40
1198,1.88,1.47
1199,1.58,1.34
1200,1.86,1.61
1201,1.71,1.47
1202,1.49,1.30
1203,1.48,1.38
1204,1.51,1.38
1205,1.50,1.38
1206,1.20,1.35
1207,1.27,1.27
1208,2.55,1.55
1209,1.51,1.54
1210,1.29,1.18
1211,1.43,1.38
1212,2.03,1.65
1213,1.86,1.41
1214,1.86,1.52
1215,1.73,1.52
1216,1.59,1.40
1217,1.47,1.39
1218,1.93,1.43
1219,1.57,1.52
1220,1.90,1.70
1221,1.63,1.47
1222,1.36,1.34
1223,1.45,1.23
1224,1.73,1.48
1225,1.58,1.44
1226,1.42,1.33
1227,1.41,1.58
1228,1.96,1.44
1229,1.95,1.50
1230,2.15,1.95
1231,1.58,1.41
1232,1.70,1.52
1233,1.53,1.43
1234,1.34,1.28
1235,1.56,1.35
1236,1.61,1.47
1237,1.76,1.64
1238,1.35,1.26
1239,1.58,1.40
1240,2.05,2.20
1241,1.78,1.96
1242,1.56,1.38
1243,1.41,1.27
1244,1.83,1.60
1245,1.65,1.54
1246,1.94,1.52
1247,1.60,1.69
1248,1.62,1.62
1249,1.68,1.54
1250,1.55,1.36
1251,2.22,1.92
1252,2.20,1.89
1253,1.67,1.57
1254,1.64,1.44
1255,1.34,1.29
1256,1.74,1.57
1257,1.90,1.79
1258,1.53,1.40
1259,1.50,1.45
1260,1.94,1.80
1261,1.97,1.81
1262,1.94,2.03
1263,1.87,1.66
1264,1.96,1.67
1265,1.68,1.68
1266,1.71,1.40
1267,1.59,1.48
1268,1.79,1.58
1269,1.71,1.69
1270,1.68,1.33
1271,2.22,1.86
1272,2.18,2.15
1273,2.52,2.50
1274,2.40,1.78
1275,1.65,1.61
1276,1.71,1.70
1277,1.76,1.71
1278,5.54,5.82
1279,5.46,5.35
1280,2.46,2.12
1281,1.96,1.94
1282,1.56,1.49
1283,1.87,1.61
1284,2.56,2.38
1285,3.07,2.36
1286,1.68,1.64
1287,2.10,1.54
1288,1.96,1.80
1289,2.22,2.14
1290,2.00,1.54
1291,1.67,1.57
1292,2.21,1.95
1293,2.04,1.81
1294,2.00,1.87
1295,1.77,1.71
1296,2.40,1.88
1297,2.01,1.95
1298,1.81,1.65
1299,1.65,1.71
1300,2.16,2.26
1301,2.09,1.98
1302,1.50,1.53
1303,1.50,1.53
1304,2.06,1.86
1305,1.96,1.85
1306,1.75,2.34
1307,1.91,1.67
1308,1.98,1.84
1309,2.05,1.93
1310,2.43,1.92
1311,1.91,1.85
1312,2.14,1.83
1313,1.98,1.92
1314,1.70,1.62
1315,1.86,1.78
1316,2.12,1.95
1317,2.19,2.03
1318,2.38,1.74
1319,1.74,1.53
1320,1.93,1.89
1321,2.01,1.89
1322,1.78,1.61
1323,1.73,1.59
1324,2.36,2.03
1325,2.20,1.91
1326,2.59,1.93
1327,2.23,1.95
1328,2.26,2.03
1329,2.43,1.92
1330,1.86,1.70
1331,1.87,1.74
1332,1.97,2.42
1333,2.32,2.15
1334,2.10,1.74
1335,2.21,1.74
1336,2.61,2.58
1337,2.55,2.30
1338,1.78,1.74
1339,2.12,1.63
1340,2.41,1.94
1341,2.23,2.07
1342,2.44,2.12
1343,2.55,2.13
1344,2.38,2.02
1345,2.13,2.03
1346,2.06,1.91
1347,2.05,1.91
1348,2.16,2.13
1349,2.53,2.11
1350,1.94,1.77
1351,1.89,1.65
1352,2.61,2.06
1353,2.39,2.02
1354,2.51,2.08
1355,2.24,1.92
1356,2.76,2.14
1357,3.44,2.41
1358,2.24,2.07
1359,2.28,1.93
1360,2.52,2.03
1361,2.63,2.08
1362,1.88,1.99
1363,1.88,1.87
1364,2.61,2.06
1365,2.37,2.15
1366,1.98,1.70
1367,1.88,1.77
1368,2.56,2.35
1369,2.32,2.14
1370,2.21,1.95
1371,2.05,1.80
1372,2.77,2.23
1373,2.42,2.20
1374,2.78,2.39
1375,2.26,2.19
1376,2.52,2.30
1377,2.87,2.28
1378,2.26,1.93
1379,1.98,1.91
1380,2.31,2.18
1381,2.68,2.40
1382,2.02,1.76
1383,2.07,1.98
1384,2.32,2.23
1385,2.19,2.18
1386,2.28,1.91
1387,2.21,1.81
1388,2.74,2.22
1389,2.49,2.48
1390,2.19,2.07
1391,2.17,2.07
1392,2.67,2.29
1393,2.45,2.44
1394,2.29,2.05
1395,2.52,1.97
1396,3.50,2.51
1397,2.36,2.44
1398,2.09,1.96
1399,2.09,1.89
1400,2.52,2.44
1401,2.88,2.65
1402,2.42,2.23
1403,2.34,2.18
1404,2.72,2.32
1405,2.88,2.60
1406,5.40,5.44
1407,5.31,5.54
1408,2.83,2.29
1409,2.44,2.23
1410,2.46,1.95
1411,2.29,2.01
1412,2.49,2.58
1413,2.71,2.56
1414,2.06,1.91
1415,2.14,1.85
1416,2.66,2.56
1417,2.79,2.64
1418,3.17,2.85
1419,2.27,2.02
1420,2.71,2.27
1421,2.89,2.78
1422,2.48,2.23
1423,2.65,2.21
1424,2.40,2.28
1425,2.41,2.27
1426,2.36,2.08
1427,2.38,2.24
1428,2.82,2.54
1429,2.89,2.51
1430,2.29,2.00
1431,2.43,2.11
1432,2.85,2.56
1433,2.61,2.50
1434,2.34,2.33
1435,2.16,2.04
1436,2.68,2.54
1437,2.52,2.47
1438,2.94,2.56
1439,2.73,2.47
1440,2.88,2.48
1441,2.77,2.70
1442,2.31,2.10
1443,2.19,2.20
1444,2.93,2.38
1445,3.02,2.58
1446,2.72,2.42
1447,2.75,2.56
1448,3.20,2.96
1449,3.19,3.39
1450,3.35,2.97
1451,3.35,3.65
1452,3.47,3.60
1453,3.67,3.25
1454,3.42,3.27
1455,3.56,3.55
1456,3.09,2.77
1457,3.42,3.52
1458,2.64,2.46
1459,2.58,2.34
1460,3.28,3.03
1461,3.50,3.28
1462,3.00,3.05
1463,2.52,2.54
1464,3.05,3.00
1465,5.40,4.95
1466,2.84,5.28
1467,3.61,2.86
1468,3.36,3.37
1469,3.08,3.00
1470,3.45,3.32
1471,3.41,2.82
1472,3.02,2.81
1473,3.06,3.08
1474,2.65,2.46
1475,2.53,2.79
1476,3.08,2.95
1477,3.11,2.69
1478,2.46,2.24
1479,2.75,2.37
1480,2.97,3.02
1481,3.31,2.80
1482,2.52,2.52
1483,2.64,2.49
1484,3.30,3.03
1485,3.19,2.69
1486,2.99,2.88
1487,2.99,2.73
1488,3.17,3.71
1489,3.07,2.99
1490,2.68,2.36
1491,2.59,2.40
1492,2.99,2.88
1493,3.16,2.79
1494,2.49,2.29
1495,2.78,2.35
1496,3.09,3.21
1497,3.19,2.78
1498,2.60,2.47
1499,2.69,2.40
1500,3.14,2.95
1501,3.04,2.94
1502,3.40,3.01
1503,3.28,2.80
1504,3.00,2.90
1505,3.13,2.87
1506,2.63,2.42
1507,2.63,2.73
1508,3.33,2.94
1509,3.18,2.87
1510,2.72,2.49
1511,2.72,2.41
1512,3.08,3.08
1513,3.24,3.16
1514,2.77,2.60
1515,2.81,2.65
1516,3.25,4.07
1517,3.82,3.60
1518,3.24,3.22
1519,3.21,3.04
1520,3.40,3.20
1521,3.38,3.09
1522,2.97,2.59
1523,3.14,2.67
1524,3.25,3.20
1525,3.31,3.38
1526,3.02,2.75
1527,2.75,2.45
1528,3.42,3.02
1529,3.27,3.28
1530,2.78,2.42
1531,2.57,2.48
1532,3.09,2.93
1533,2.89,2.75
1534,11.16,10.77
1535,11.32,10.45
1536,2.97,3.10
1537,3.19,2.76
1538,2.56,2.29
1539,2.91,2.38
1540,3.44,3.12
1541,3.06,2.73
1542,2.79,2.67
1543,2.87,3.10
1544,3.21,3.07
1545,2.98,2.92
1546,2.95,2.73
1547,3.11,2.88
1548,3.78,3.24
1549,3.29,3.14
1550,3.34,2.87
1551,3.16,3.05
1552,3.42,2.92
1553,3.95,3.30
1554,2.86,2.61
1555,2.68,2.75
1556,3.15,3.02
1557,3.03,2.95
1558,2.61,2.52
1559,2.68,2.58
1560,3.25,3.09
1561,3.52,3.04
1562,2.66,2.51
1563,3.77,2.81
1564,3.09,3.24
1565,3.45,3.24
1566,3.88,3.44
1567,3.44,3.25
1568,3.36,3.33
1569,3.27,3.09
1570,2.80,2.78
1571,3.11,2.78
1572,3.27,3.20
1573,3.51,3.05
1574,2.89,2.54
1575,2.75,2.68
1576,3.32,3.04
1577,4.35,3.80
1578,3.04,2.73
1579,3.23,2.69
1580,3.32,3.26
1581,3.24,3.04
1582,3.80,4.01
1583,3.64,3.34
1584,3.54,3.29
1585,3.53,3.35
1586,3.30,2.79
1587,3.13,3.05
1588,3.69,3.46
1589,3.37,3.37
1590,3.33,2.63
1591,3.24,2.67
1592,3.52,3.54
1593,3.64,3.12
1594,3.38,2.93
1595,2.99,2.71
1596,3.75,3.23
1597,3.70,3.17
1598,3.85,3.45
1599,3.62,3.40
1600,4.00,3.43
1601,3.80,3.50
1602,3.12,2.65
1603,2.89,2.70
1604,3.62,3.30
1605,3.56,3.53
1606,2.94,2.63
1607,2.80,2.58
1608,3.81,3.60
1609,3.46,3.42
1610,3.31,2.82
1611,3.29,3.19
1612,3.68,4.11
1613,3.62,3.40
1614,3.41,3.08
1615,3.71,3.38
1616,3.70,3.72
1617,3.74,3.27
1618,3.41,2.78
1619,3.24,2.75
1620,3.96,3.32
1621,3.75,3.29
1622,3.24,3.62
1623,3.14,3.02
1624,3.86,3.89
1625,4.03,3.67
1626,2.92,2.82
1627,3.04,2.84
1628,3.52,3.51
1629,3.90,3.50
1630,3.47,3.38
1631,3.52,3.51
1632,3.70,3.28
1633,4.57,3.65
1634,3.35,3.09
1635,3.05,2.92
1636,3.58,3.28
1637,3.51,3.27
1638,3.33,3.27
1639,3.09,2.83
1640,3.48,3.32
1641,3.58,3.33
1642,3.22,2.78
1643,3.23,2.93
1644,4.36,5.25
1645,4.12,3.97
1646,3.51,3.24
1647,3.65,3.19
1648,3.81,3.36
1649,3.89,3.56
1650,3.57,2.95
1651,3.56,3.18
1652,3.75,3.83
1653,3.59,3.44
1654,3.12,2.80
1655,3.21,2.84
1656,3.93,3.67
1657,4.33,3.77
1658,3.56,3.02
1659,3.60,3.06
1660,4.02,3.88
1661,3.85,3.50
1662,8.68,8.53
1663,8.67,8.61
1664,4.34,3.89
1665,4.26,3.91
1666,3.43,2.96
1667,3.40,3.18
1668,3.76,3.51
1669,4.03,3.46
1670,3.58,3.48
1671,3.74,3.07
1672,4.01,3.60
1673,3.99,3.57
1674,3.50,3.07
1675,3.38,3.15
1676,3.67,3.60
1677,4.06,3.79
1678,3.66,3.59
1679,3.97,3.60
1680,4.39,3.70
1681,4.02,3.93
1682,3.62,3.30
1683,3.60,3.07
1684,4.49,3.90
1685,4.13,3.88
1686,3.51,3.14
1687,3.36,2.98
1688,4.02,3.60
1689,3.90,3.64
1690,3.76,3.45
1691,3.95,3.21
1692,4.24,3.80
1693,3.98,4.01
1694,4.23,3.77
1695,4.46,3.80
1696,3.92,3.77
1697,4.17,3.85
1698,3.53,3.34
1699,3.57,3.76
1700,4.49,3.87
1701,3.99,3.78
1702,3.42,3.16
1703,3.19,3.09
1704,4.10,3.80
1705,4.04,3.62
1706,3.47,3.09
1707,3.35,3.10
1708,4.34,3.94
1709,4.08,3.70
1710,4.09,3.78
1711,4.16,3.79
1712,3.88,3.66
1713,4.33,4.03
1714,3.61,3.41
1715,4.32,3.49
1716,4.11,3.85
1717,4.22,4.16
1718,3.29,3.16
1719,3.36,3.18
1720,4.38,3.98
1721,4.20,3.82
1722,3.88,3.76
1723,3.67,3.84
1724,4.53,3.93
1725,4.63,3.89
1726,4.80,4.40
1727,4.74,4.17
1728,4.42,4.21
1729,4.36,4.02
1730,3.69,3.53
1731,3.80,3.31
1732,4.42,4.10
1733,4.41,4.40
1734,3.85,3.51
1735,3.81,3.28
1736,4.74,4.13
1737,4.58,4.22
1738,3.67,3.45
1739,3.72,3.61
1740,4.25,4.42
1741,4.54,3.94
1742,4.52,4.82
1743,4.70,4.52
1744,5.62,5.65
1745,4.64,4.56
1746,4.19,3.77
1747,4.15,3.78
1748,4.85,4.62
1749,4.72,5.08
1750,4.12,3.63
1751,3.68,3.98
1752,4.45,4.62
1753,4.33,4.66
1754,4.00,4.05
1755,4.03,3.85
1756,4.93,4.48
1757,5.13,4.73
1758,4.75,4.54
1759,4.78,4.80
1760,4.53,4.33
1761,4.65,4.48
1762,4.03,3.65
1763,4.27,3.67
1764,4.42,4.33
1765,6.81,6.51
1766,7.82,5.06
1767,7.66,4.01
1768,4.65,5.68
1769,7.44,4.62
1770,4.74,5.36
1771,5.38,4.33
1772,5.13,8.24
1773,5.96,6.75
1774,5.79,7.98
1775,5.36,7.08
1776,5.46,5.38
1777,7.41,7.06
1778,6.31,4.62
1779,4.33,5.35
1780,4.85,4.76
1781,4.85,4.55
1782,4.28,3.99
1783,3.90,3.94
1784,4.53,4.39
1785,4.68,4.60
1786,5.13,5.31
1787,9.16,4.81
1788,8.04,5.62
1789,8.24,5.72
1790,17.47,21.09
1791,17.53,19.55
1792,6.74,5.69
1793,5.08,6.49
1794,4.13,4.08
1795,6.04,5.53
1796,6.25,7.01
1797,5.02,4.69
1798,4.69,4.10
1799,3.78,3.66
1800,5.32,4.90
1801,5.81,5.38
1802,7.59,4.77
1803,4.82,5.85
1804,5.25,5.10
1805,5.26,5.69
1806,6.30,6.79
1807,6.12,6.07
1808,5.97,6.33
1809,6.61,6.07
1810,4.21,3.88
1811,5.17,4.22
1812,5.14,5.09
1813,5.00,4.69
1814,3.99,4.10
1815,4.40,4.08
1816,5.12,5.52
1817,6.71,6.43
1818,4.49,6.72
1819,5.00,4.75
1820,5.35,6.43
1821,5.48,5.33
1822,7.34,5.99
1823,6.86,5.85
1824,7.48,7.32
1825,7.02,6.56
1826,5.69,4.76
1827,4.94,4.49
1828,5.33,5.29
1829,5.24,5.24
1830,4.49,4.10
1831,4.67,4.19
1832,5.04,4.82
1833,5.01,5.05
1834,5.08,5.50
1835,5.04,4.93
1836,5.93,5.84
1837,5.67,6.09
1838,6.20,6.00
1839,5.50,4.99
1840,5.23,4.94
1841,5.10,4.75
1842,4.29,3.96
1843,5.36,4.07
1844,4.97,4.50
1845,4.83,4.56
1846,4.70,3.87
1847,4.76,4.05
1848,5.16,4.89
1849,5.54,4.74
1850,6.30,5.72
1851,6.17,5.42
1852,6.51,7.05
1853,7.12,6.87
1854,8.02,6.98
1855,7.78,6.41
1856,6.86,4.92
1857,6.35,5.98
1858,4.54,5.05
1859,4.92,4.68
1860,6.74,5.70
1861,6.85,5.63
1862,5.00,4.97
1863,4.36,4.80
1864,4.96,4.76
1865,5.08,4.88
1866,6.57,5.11
1867,4.90,4.56
1868,4.93,5.27
1869,4.71,4.49
1870,5.29,4.77
1871,5.59,5.01
1872,5.47,4.90
1873,6.99,5.68
1874,6.05,4.78
1875,4.96,4.48
1876,6.36,4.92
1877,5.75,4.82
1878,4.62,4.30
1879,4.31,4.04
1880,5.39,5.04
1881,4.95,4.61
1882,4.88,4.32
1883,4.67,4.41
1884,6.59,5.09
1885,5.33,4.97
1886,6.08,5.89
1887,6.11,5.27
1888,4.99,4.67
1889,5.16,4.96
1890,4.82,4.18
1891,4.74,4.19
1892,5.26,4.79
1893,5.00,4.73
1894,4.52,4.93
1895,4.39,4.22
1896,5.05,5.04
1897,5.34,4.76
1898,5.66,5.62
1899,5.49,4.46
1900,5.30,4.90
1901,5.61,4.91
1902,5.48,4.94
1903,5.75,5.14
1904,6.53,5.22
1905,5.21,4.97
1906,4.64,4.54
1907,4.96,4.33
1908,5.73,5.01
1909,5.40,5.17
1910,5.65,5.04
1911,5.33,5.12
1912,6.34,6.82
1913,6.04,5.71
1914,5.11,4.79
1915,5.28,4.58
1916,5.63,5.25
1917,5.86,5.25
1918,12.75,12.03
1919,12.68,12.20
1920,5.38,4.91
1921,5.96,6.35
1922,4.77,4.76
1923,4.97,4.23
1924,5.51,4.90
1925,5.54,5.05
1926,4.63,4.60
1927,4.64,4.31
1928,5.49,5.29
1929,5.56,6.56
1930,4.93,4.58
1931,4.85,4.47
1932,5.44,5.83
1933,6.02,5.02
1934,5.73,5.03
1935,5.49,5.03
1936,6.08,5.69
1937,5.46,5.23
1938,5.20,4.72
1939,4.91,4.64
1940,6.00,5.77
1941,6.02,5.49
1942,4.73,4.58
1943,5.28,5.01
1944,5.90,5.60
1945,5.60,5.59
1946,4.85,4.59
1947,5.21,5.07
1948,6.19,5.31
1949,5.36,5.08
1950,6.53,6.04
1951,6.09,5.70
1952,5.64,5.05
1953,5.47,5.19
1954,4.84,4.48
1955,4.95,4.40
1956,5.63,5.17
1957,5.45,5.18
1958,5.28,5.55
1959,5.29,4.33
1960,5.56,5.54
1961,6.19,5.38
1962,4.96,4.81
1963,5.11,4.57
1964,5.59,5.43
1965,5.55,5.41
1966,6.22,6.26
1967,6.24,5.70
1968,6.16,5.85
1969,6.30,5.91
1970,5.48,5.32
1971,5.70,5.42
1972,5.83,5.61
1973,6.12,5.74
1974,4.96,4.98
1975,4.89,4.78
1976,6.27,5.52
1977,5.48,5.56
1978,5.09,4.74
1979,5.07,4.61
1980,6.31,5.30
1981,5.76,5.85
1982,7.05,6.31
1983,7.24,6.39
1984,5.52,5.40
1985,5.70,5.30
1986,5.03,4.83
1987,4.97,4.74
1988,6.17,5.50
1989,5.56,5.31
1990,5.30,5.15
1991,5.29,4.95
1992,5.84,5.84
1993,5.96,5.39
1994,5.14,4.87
1995,5.08,6.56
1996,6.79,8.65
1997,6.09,6.69
1998,6.49,6.20
1999,6.65,6.23
2000,6.89,6.71
2001,6.54,5.91
2002,5.21,4.50
2003,5.55,4.69
2004,5.81,5.73
2005,5.61,5.30
2006,5.02,5.34
2007,4.77,4.59
2008,5.61,5.00
2009,5.97,5.12
2010,6.96,5.33
2011,8.09,6.19
2012,6.04,6.72
2013,5.99,7.13
2014,7.09,6.36
2015,6.28,7.08
2016,6.68,5.94
2017,7.20,6.41
2018,5.17,5.35
2019,6.64,5.81
2020,7.03,6.57
2021,6.18,5.96
2022,5.18,4.83
2023,4.73,5.63
2024,5.84,6.65
2025,5.66,6.93
2026,5.33,4.70
2027,5.05,5.10
2028,5.78,5.71
2029,7.72,8.55
2030,10.83,8.53
2031,8.91,10.67
2032,6.33,6.17
2033,5.97,6.03
2034,5.55,5.22
2035,4.86,6.14
2036,8.27,7.85
2037,6.71,8.39
2038,6.31,6.57
2039,5.64,6.32
2040,7.88,7.73
2041,6.77,6.53
2042,6.66,6.14
2043,7.02,5.82
2044,6.99,5.86
2045,6.75,7.03
2046,22.47,21.10
2047,22.85,22.87
2048,6.01,5.51
2049,6.44,6.59
2050,5.52,5.58
2051,5.63,5.33
2052,7.64,9.31
2053,8.29,7.20
2054,5.34,5.57
2055,5.12,6.08
2056,6.52,7.14
2057,7.47,6.71
2058,6.50,5.38
2059,5.65,5.80
2060,7.33,6.39
2061,6.79,6.48
2062,9.71,10.18
2063,10.50,10.31
2064,6.19,6.25
2065,6.43,6.38
2066,5.42,5.04
2067,5.58,4.86
2068,6.71,6.70
2069,6.92,6.45
2070,8.57,5.63
2071,5.05,6.03
2072,7.36,7.39
2073,6.28,6.07
2074,5.80,5.50
2075,5.74,5.71
2076,7.41,7.29
2077,7.36,8.25
2078,6.66,6.25
2079,6.22,6.81
2080,6.97,6.56
2081,6.64,6.16
2082,5.95,6.95
2083,5.30,6.50
2084,7.73,7.99
2085,8.22,7.38
2086,5.29,6.50
2087,6.51,6.33
2088,6.79,7.27
2089,6.46,6.97
2090,6.11,6.05
2091,5.77,5.74
2092,6.62,6.35
2093,6.91,7.08
2094,8.49,7.25
2095,7.24,7.88
2096,8.14,7.92
2097,7.12,7.46
2098,6.25,6.06
2099,7.01,5.49
2100,6.41,6.05
2101,6.20,6.06
2102,5.79,5.03
2103,5.56,5.07
2104,6.48,7.65
2105,6.21,6.12
2106,5.93,5.54
2107,5.67,5.44
2108,8.36,9.18
2109,7.25,6.99
2110,10.07,9.54
2111,9.28,9.31
2112,6.33,7.19
2113,7.29,7.27
2114,5.87,5.49
2115,7.54,6.25
2116,7.92,7.21
2117,7.04,6.41
2118,5.48,5.55
2119,5.93,5.41
2120,6.51,6.07
2121,6.58,6.36
2122,5.65,5.59
2123,6.23,6.19
2124,7.16,7.21
2125,7.46,6.85
2126,9.28,10.98
2127,10.27,8.95
2128,8.41,8.94
2129,8.42,9.22
2130,10.05,12.46
2131,8.32,7.36
2132,8.04,7.40
2133,7.43,7.32
2134,6.01,6.86
2135,7.47,6.12
2136,7.75,6.92
2137,7.79,6.66
2138,6.34,6.50
2139,5.94,5.45
2140,8.43,6.63
2141,6.79,6.37
2142,7.43,6.90
2143,7.08,6.93
2144,6.86,6.40
2145,6.61,6.37
2146,6.00,5.54
2147,6.43,6.15
2148,8.47,7.34
2149,7.07,7.19
2150,5.99,5.71
2151,6.11,5.74
2152,7.01,7.15
2153,6.87,7.00
2154,6.14,6.13
2155,6.42,6.39
2156,6.84,7.03
2157,6.94,7.01
2158,7.43,7.01
2159,7.31,6.89
2160,7.08,7.06
2161,7.54,9.22
2162,6.72,6.61
2163,6.35,6.44
2164,7.88,7.71
2165,8.72,8.08
2166,7.03,6.91
2167,7.15,7.54
2168,7.40,7.43
2169,7.45,7.50
2170,6.40,6.27
2171,6.33,6.18
2172,7.20,7.11
2173,7.38,7.23
2174,17.62,18.86
2175,17.06,17.01
2176,8.16,7.37
2177,7.55,6.93
2178,6.38,6.35
2179,6.55,6.97
2180,7.49,7.16
2181,7.30,7.20
2182,6.01,5.72
2183,6.19,5.90
2184,7.38,7.13
2185,7.14,7.16
2186,7.83,7.38
2187,6.54,6.30
2188,7.26,7.95
2189,7.38,7.39
2190,7.84,7.22
2191,7.97,7.43
2192,7.71,7.86
2193,8.63,8.64
2194,6.38,6.28
2195,6.60,6.30
2196,8.03,7.56
2197,7.75,7.42
2198,7.40,6.94
2199,7.13,6.73
2200,8.20,8.29
2201,8.14,8.78
2202,7.68,7.62
2203,7.58,7.45
2204,7.79,8.03
2205,7.70,7.58
2206,8.06,7.82
2207,7.92,7.69
2208,7.68,7.15
2209,7.65,7.64
2210,7.37,6.37
2211,6.80,6.59
2212,7.74,7.55
2213,8.16,7.78
2214,6.46,6.41
2215,6.74,6.49
2216,7.79,7.67
2217,7.78,7.57
2218,6.80,6.50
2219,6.78,6.66
2220,7.65,7.34
2221,7.74,7.56
2222,7.90,7.74
2223,7.97,7.82
2224,8.00,7.52
2225,7.57,7.79
2226,6.92,6.58
2227,6.83,6.59
2228,8.19,8.02
2229,7.47,7.55
2230,6.47,6.56
2231,6.70,6.70
2232,7.66,7.76
2233,7.63,7.69
2234,7.00,6.79
2235,7.02,6.92
2236,8.58,8.21
2237,8.07,8.17
2238,9.89,10.02
2239,10.35,9.61
2240,8.51,8.44
2241,8.46,8.35
2242,7.30,6.86
2243,7.23,6.85
2244,8.21,7.84
2245,7.69,8.00
2246,7.21,6.83
2247,7.33,6.96
2248,8.31,7.69
2249,7.85,7.74
2250,7.08,7.15
2251,7.03,7.41
2252,8.53,8.08
2253,7.79,8.06
2254,9.25,8.33
2255,8.69,8.31
2256,7.93,8.53
2257,8.53,8.29
2258,7.09,6.75
2259,6.91,7.63
2260,9.05,8.06
2261,8.01,8.11
2262,6.85,6.92
2263,7.29,6.84
2264,7.99,7.80
2265,8.38,7.86
2266,7.38,7.07
2267,7.49,7.05
2268,8.27,7.87
2269,8.08,8.05
2270,8.86,8.69
2271,8.80,8.92
2272,8.52,8.37
2273,7.94,8.06
2274,8.03,7.75
2275,7.68,7.54
2276,8.35,8.60
2277,8.75,8.69
2278,7.65,7.92
2279,7.60,7.25
2280,8.97,10.13
2281,8.63,9.50
2282,7.58,7.40
2283,7.51,7.51
2284,8.53,8.05
2285,8.44,8.38
2286,8.40,8.49
2287,8.60,8.40
2288,8.98,8.55
2289,8.46,8.38
2290,7.36,7.84
2291,7.66,7.36
2292,9.21,9.11
2293,9.23,8.39
2294,7.40,7.42
2295,7.57,7.43
2296,8.42,8.61
2297,8.39,8.25
2298,7.25,7.21
2299,7.23,7.48
2300,8.49,8.43
2301,8.21,8.64
2302,24.21,24.72
2303,23.94,24.66
2304,9.62,8.83
2305,8.57,8.49
2306,7.67,7.63
2307,7.80,7.31
2308,8.54,8.28
2309,8.14,8.23
2310,7.57,7.61
2311,7.59,7.49
2312,8.56,8.46
2313,8.40,8.40
2314,8.21,8.03
2315,8.21,7.94
2316,8.96,9.03
2317,8.92,9.03
2318,9.36,8.93
2319,9.19,8.88
2320,9.34,9.62
2321,9.82,9.74
2322,8.19,7.90
2323,8.48,8.06
2324,8.81,8.61
2325,8.89,8.60
2326,7.91,7.91
2327,7.99,7.71
2328,8.62,8.84
2329,8.48,8.46
2330,7.73,7.45
2331,7.48,8.10
2332,8.61,8.91
2333,8.76,8.60
2334,9.38,9.30
2335,9.54,9.32
2336,9.03,8.94
2337,9.12,9.12
2338,7.79,7.87
2339,7.70,8.26
2340,8.60,8.65
2341,8.69,8.58
2342,8.03,7.87
2343,7.82,7.95
2344,8.50,8.67
2345,9.09,9.85
2346,8.27,8.08
2347,8.21,8.42
2348,9.12,8.96
2349,8.66,9.01
2350,9.25,9.37
2351,9.26,9.04
2352,9.06,8.99
2353,10.04,9.71
2354,8.17,8.21
2355,8.76,8.09
2356,9.29,9.16
2357,9.57,9.27
2358,8.49,8.49
2359,8.45,8.40
2360,8.65,8.95
2361,8.98,8.97
2362,8.70,8.53
2363,8.78,8.76
2364,9.16,9.54
2365,9.25,9.15
2366,12.19,11.37
2367,11.35,12.36
2368,9.36,9.32
2369,9.34,9.49
2370,8.16,8.15
2371,8.56,8.25
2372,9.49,9.51
2373,9.32,9.93
2374,8.57,8.24
2375,8.18,7.99
2376,9.20,9.23
2377,9.33,9.15
2378,9.08,8.65
2379,8.34,8.33
2380,8.97,8.94
2381,9.25,9.29
2382,9.84,9.73
2383,9.59,9.35
2384,9.61,9.59
2385,9.55,9.68
2386,8.54,8.22
2387,8.52,8.18
2388,9.23,9.40
2389,9.67,9.49
2390,7.89,7.80
2391,7.93,8.68
2392,9.18,9.29
2393,9.26,9.24
2394,8.47,8.98
2395,8.60,8.35
2396,9.48,9.66
2397,9.50,9.82
2398,10.31,10.65
2399,10.86,10.53
2400,9.58,9.84
2401,9.97,10.02
2402,8.83,8.81
2403,8.87,8.85
2404,9.87,10.01
2405,9.61,9.89
2406,9.43,9.44
2407,9.47,9.37
2408,9.78,10.50
2409,9.76,9.78
2410,8.62,8.69
2411,8.69,8.69
2412,9.49,9.74
2413,9.62,10.04
2414,10.26,10.36
2415,10.46,10.10
2416,9.41,10.20
2417,9.81,10.01
2418,9.28,9.59
2419,8.67,8.93
2420,9.43,9.47
2421,9.71,9.88
2422,9.12,8.70
2423,10.93,10.70
2424,10.56,11.91
2425,9.61,9.62
2426,9.33,9.38
2427,9.38,9.19
2428,9.92,10.93
2429,9.69,9.70
2430,21.16,21.85
2431,21.40,21.86
2432,9.52,10.06
2433,9.96,10.01
2434,8.95,8.81
2435,8.90,9.32
2436,9.77,10.26
2437,9.98,10.84
2438,9.07,8.99
2439,9.20,9.18
2440,9.88,10.28
2441,9.96,10.10
2442,9.02,9.48
2443,9.35,9.22
2444,10.61,10.69
2445,10.90,10.90
2446,12.47,10.79
2447,10.96,11.40
2448,9.85,10.15
2449,10.01,10.05
2450,9.42,9.51
2451,9.40,9.54
2452,10.61,10.85
2453,11.00,10.85
2454,9.21,9.28
2455,10.09,9.60
2456,10.67,11.41
2457,10.03,10.16
2458,9.13,8.86
2459,8.93,10.40
2460,10.14,10.11
2461,10.18,10.44
2462,11.42,11.29
2463,11.44,11.15
2464,10.20,10.55
2465,11.43,10.57
2466,9.52,9.71
2467,9.07,9.02
2468,10.37,10.27
2469,10.24,10.40
2470,9.09,8.94
2471,9.21,9.15
2472,10.19,10.27
2473,9.87,10.30
2474,10.26,9.27
2475,9.12,9.20
2476,10.54,10.93
2477,10.61,10.54
2478,10.90,11.15
2479,10.94,11.02
2480,10.51,11.09
2481,10.41,10.64
2482,9.78,9.92
2483,10.79,10.52
2484,10.51,11.30
2485,10.49,11.13
2486,9.99,10.01
2487,10.23,10.06
2488,11.22,11.63
2489,11.19,11.69
2490,10.72,10.74
2491,10.75,10.88
2492,13.85,12.80
2493,10.65,10.83
2494,13.05,12.85
2495,12.76,12.77
2496,11.09,10.94
2497,11.31,11.24
2498,10.29,9.94
2499,9.90,10.18
2500,10.77,10.98
2501,12.01,11.96
2502,10.12,10.04
2503,10.09,9.72
2504,10.49,10.88
2505,10.75,10.91
2506,9.64,9.74
2507,9.75,9.67
2508,10.65,10.96
2509,10.65,10.95
2510,12.86,11.86
2511,10.90,10.98
2512,10.55,10.76
2513,10.87,11.21
2514,10.28,10.30
2515,10.37,10.35
2516,10.76,10.97
2517,10.64,11.00
2518,10.30,10.22
2519,10.90,10.52
2520,11.36,11.15
2521,10.93,11.18
2522,10.10,9.88
2523,9.91,10.04
2524,10.95,11.31
2525,11.12,11.32
2526,12.74,12.27
2527,12.49,12.29
2528,11.19,11.38
2529,11.58,11.68
2530,9.76,10.09
2531,10.36,10.48
2532,11.42,11.31
2533,10.97,11.20
2534,11.08,11.06
2535,10.61,10.57
2536,11.99,11.70
2537,11.10,11.32
2538,10.78,10.67
2539,10.64,10.62
2540,11.30,11.57
2541,11.23,11.62
2542,12.55,12.13
2543,12.13,12.26
2544,11.48,12.39
2545,11.40,12.04
2546,10.01,10.20
2547,10.27,10.32
2548,11.56,11.67
2549,11.65,11.74
2550,10.64,10.39
2551,10.78,9.96
2552,11.20,11.34
2553,11.76,11.83
2554,10.51,10.52
2555,10.23,11.37
2556,11.42,11.42
2557,11.63,12.25
2558,41.11,43.23
2559,43.11,43.38
2560,11.50,11.76
2561,12.94,13.95
2562,10.33,10.59
2563,10.29,10.58
2564,11.15,11.45
2565,11.40,12.28
2566,10.17,10.02
2567,10.42,10.34
2568,11.35,11.43
2569,12.49,11.48
2570,10.14,10.12
2571,10.02,10.64
2572,11.45,11.89
2573,12.01,11.70
2574,12.43,12.29
2575,12.34,12.25
2576,11.50,11.77
2577,11.60,13.95
2578,10.95,12.36
2579,10.35,10.35
2580,11.68,12.53
2581,11.24,11.58
2582,10.71,10.54
2583,10.62,10.70
2584,12.51,12.13
2585,11.69,11.97
2586,10.82,11.62
2587,10.77,10.90
2588,11.98,12.41
2589,12.01,12.52
2590,13.60,13.37
2591,13.57,13.47
2592,11.72,11.91
2593,11.80,11.99
2594,10.85,10.74
2595,11.86,11.12
2596,11.54,11.93
2597,11.82,12.79
2598,11.27,11.29
2599,11.27,11.31
2600,12.06,12.77
2601,12.17,12.39
2602,10.98,11.12
2603,10.88,11.27
2604,11.80,12.15
2605,12.48,12.44
2606,12.78,12.96
2607,13.19,13.33
2608,11.80,12.21
2609,11.73,13.10
2610,11.03,11.17
2611,11.06,11.37
2612,11.99,12.45
2613,12.13,12.46
2614,11.47,11.70
2615,11.24,11.62
2616,11.97,12.44
2617,12.00,13.35
2618,11.10,11.39
2619,11.18,11.27
2620,12.09,12.29
2621,12.14,12.34
2622,15.10,16.12
2623,16.65,16.87
2624,12.31,12.69
2625,12.15,12.35
2626,11.53,11.64
2627,11.40,11.66
2628,12.21,12.75
2629,12.34,12.58
2630,11.49,11.65
2631,11.51,11.47
2632,12.53,12.81
2633,12.39,12.77
2634,11.57,11.74
2635,11.51,11.75
2636,12.42,14.21
2637,12.53,12.92
2638,14.38,14.32
2639,14.48,14.33
2640,13.45,14.20
2641,13.51,13.89
2642,11.71,12.00
2643,11.66,11.92
2644,12.59,13.65
2645,12.40,13.19
2646,11.69,11.89
2647,11.22,11.54
2648,12.39,12.86
2649,12.53,12.82
2650,11.79,12.03
2651,11.78,11.85
2652,12.93,14.22
2653,15.29,13.84
2654,14.33,14.76
2655,14.25,14.42
2656,12.24,12.97
2657,12.74,13.14
2658,11.79,11.69
2659,11.69,11.90
2660,13.39,13.21
2661,12.54,12.87
2662,11.56,11.77
2663,11.87,11.97
2664,12.49,13.23
2665,12.80,13.31
2666,12.20,12.32
2667,12.28,12.38
2668,12.97,13.34
2669,12.92,13.60
2670,14.10,14.50
2671,14.02,14.17
2672,13.25,13.69
2673,12.97,13.36
2674,12.93,12.76
2675,12.00,12.03
2676,13.23,13.24
2677,12.93,13.35
2678,11.96,12.05
2679,11.74,11.99
2680,13.10,13.55
2681,13.05,13.84
2682,11.88,12.11
2683,11.39,12.04
2684,12.89,13.12
2685,12.60,13.66
2686,26.57,26.84
2687,26.27,27.39
2688,12.74,13.54
2689,13.07,13.78
2690,12.25,12.44
2691,12.12,13.30
2692,13.40,13.90
2693,13.76,14.28
2694,13.63,13.65
2695,13.60,13.86
2696,17.67,14.24
2697,13.28,13.86
2698,12.12,12.17
2699,12.16,12.36
2700,13.00,14.12
2701,13.14,13.81
2702,14.64,15.23
2703,14.31,14.74
2704,13.30,14.02
2705,13.15,13.54
2706,13.53,12.78
2707,12.52,12.71
2708,14.86,15.27
2709,14.28,14.89
2710,12.82,12.83
2711,12.64,12.71
2712,13.75,14.36
2713,13.45,13.77
2714,14.42,12.72
2715,12.43,12.79
2716,13.02,13.78
2717,13.39,13.78
2718,15.32,15.10
2719,15.70,15.58
2720,13.85,14.12
2721,13.57,14.11
2722,13.04,13.59
2723,13.30,13.43
2724,13.24,13.75
2725,13.50,14.09
2726,12.88,12.45
2727,12.20,12.44
2728,13.13,13.88
2729,13.31,14.10
2730,13.35,13.61
2731,12.25,12.55
2732,12.84,14.18
2733,13.15,13.54
2734,14.73,14.30
2735,14.03,14.24
2736,14.49,15.04
2737,14.58,14.96
2738,13.12,12.88
2739,12.62,12.84
2740,13.50,14.26
2741,14.85,14.05
2742,12.55,12.55
2743,12.79,12.73
2744,13.50,14.12
2745,13.41,14.57
2746,12.47,12.83
2747,13.07,12.94
2748,13.74,14.21
2749,13.89,14.62
2750,20.19,20.66
2751,20.24,21.63
2752,13.77,14.16
2753,13.91,14.30
2754,12.95,13.08
2755,12.64,13.16
2756,13.73,14.66
2757,13.48,14.08
2758,12.87,13.29
2759,12.76,12.83
2760,13.98,14.44
2761,13.72,14.76
2762,12.96,13.27
2763,13.03,13.17
2764,14.62,15.24
2765,14.56,15.91
2766,15.50,15.54
2767,15.57,15.83
2768,14.21,14.80
2769,14.29,14.89
2770,13.25,13.62
2771,13.71,13.59
2772,14.08,14.84
2773,14.78,15.47
2774,13.26,13.31
2775,13.35,13.21
2776,13.96,15.03
2777,14.41,14.94
2778,13.13,13.56
2779,13.88,13.54
2780,14.68,15.93
2781,14.32,15.04
2782,16.27,16.35
2783,16.12,17.02
2784,14.52,14.94
2785,14.20,15.16
2786,14.12,13.75
2787,13.58,13.72
2788,14.62,15.17
2789,14.63,14.96
2790,13.82,13.88
2791,13.84,13.82
2792,14.92,15.15
2793,15.34,15.28
2794,13.91,14.27
2795,13.65,13.91
2796,14.80,15.34
2797,15.06,15.27
2798,16.00,15.76
2799,15.89,16.06
2800,14.57,15.30
2801,14.57,15.35
2802,13.46,13.80
2803,13.76,13.91
2804,15.35,16.07
2805,14.60,15.23
2806,14.88,14.14
2807,13.77,14.29
2808,15.03,15.39
2809,14.88,15.71
2810,14.82,14.94
2811,14.60,15.06
2812,14.99,15.15
2813,14.80,15.15
2814,39.63,41.05
2815,39.16,40.02
2816,15.06,15.48
2817,14.80,16.17
2818,14.09,14.49
2819,14.20,14.19
2820,15.19,15.40
2821,15.49,15.31
2822,14.53,14.30
2823,14.48,14.94
2824,15.90,16.24
2825,15.34,16.54
2826,14.47,14.13
2827,14.11,14.73
2828,15.14,15.50
2829,14.84,15.52
2830,16.65,16.72
2831,17.17,16.92
2832,14.67,15.37
2833,14.78,15.30
2834,14.53,14.14
2835,14.25,14.11
2836,15.48,15.80
2837,15.17,16.09
2838,15.93,15.70
2839,15.10,15.35
2840,15.73,16.69
2841,15.49,16.04
2842,14.31,14.39
2843,14.15,14.96
2844,15.50,16.09
2845,15.53,16.13
2846,17.80,17.70
2847,17.03,16.57
2848,14.89,15.51
2849,15.06,15.21
2850,14.37,14.29
2851,14.30,14.59
2852,15.12,14.86
2853,14.78,14.81
2854,14.68,14.32
2855,14.69,14.34
2856,15.25,15.04
2857,15.25,15.21
2858,14.77,14.26
2859,14.44,14.23
2860,15.30,15.23
2861,15.47,15.41
2862,16.96,16.63
2863,17.15,16.88
2864,15.65,15.33
2865,15.79,15.44
2866,14.38,14.40
2867,14.70,14.82
2868,15.81,16.56
2869,15.90,16.48
2870,15.76,15.79
2871,15.59,15.55
2872,16.14,16.89
2873,15.96,17.00
2874,14.80,15.08
2875,15.23,15.45
2876,16.00,16.65
2877,16.13,16.53
2878,20.97,21.96
2879,20.54,20.66
2880,15.83,16.31
2881,15.96,16.36
2882,14.95,15.17
2883,15.20,15.41
2884,16.14,16.59
2885,16.19,16.78
2886,15.84,15.91
2887,15.91,15.98
2888,16.75,17.23
2889,16.53,17.14
2890,15.47,15.71
2891,14.93,15.75
2892,16.19,16.52
2893,16.22,16.70
2894,17.51,17.75
2895,17.79,17.75
2896,15.90,16.41
2897,17.44,16.92
2898,15.45,15.37
2899,15.65,16.24
2900,16.39,17.35
2901,16.57,17.29
2902,15.98,16.19
2903,15.89,15.66
2904,16.68,16.94
2905,16.26,16.89
2906,15.46,15.63
2907,15.54,15.81
2908,16.44,17.19
2909,16.70,17.31
2910,18.43,18.60
2911,18.65,18.55
2912,17.18,17.38
2913,16.83,17.45
2914,15.50,16.49
2915,15.48,15.98
2916,16.46,17.02
2917,16.76,17.55
2918,16.30,16.57
2919,16.22,16.30
2920,17.45,17.49
2921,16.80,17.36
2922,16.01,16.02
2923,15.96,16.14
2924,16.93,17.52
2925,17.05,17.99
2926,18.43,18.55
2927,18.06,18.32
2928,16.52,17.32
2929,16.48,17.24
2930,15.58,15.98
2931,16.32,16.29
2932,16.80,17.62
2933,17.04,18.63
2934,16.97,17.53
2935,16.07,15.88
2936,17.07,18.04
2937,16.69,17.16
2938,16.12,16.24
2939,16.31,16.57
2940,17.27,17.79
2941,17.01,17.36
2942,36.86,37.14
2943,36.40,37.00
2944,16.55,17.36
2945,16.89,18.52
2946,15.84,15.78
2947,15.50,15.83
2948,16.82,17.43
2949,16.87,17.49
2950,16.91,16.83
2951,17.17,17.07
2952,17.28,17.91
2953,17.23,17.64
2954,17.44,17.19
2955,17.30,17.08
2956,17.22,17.76
2957,16.97,18.02
2958,19.21,18.93
2959,19.03,19.23
2960,17.02,17.67
2961,17.20,18.43
2962,16.61,17.11
2963,16.17,16.38
2964,17.17,17.84
2965,17.20,17.90
2966,16.71,16.93
2967,16.85,17.51
2968,17.66,18.07
2969,17.30,17.86
2970,17.15,16.89
2971,16.17,16.91
2972,17.51,18.24
2973,17.70,18.27
2974,19.75,20.07
2975,19.57,20.18
2976,18.56,19.22
2977,17.71,18.46
2978,16.79,16.92
2979,16.84,17.13
2980,17.49,18.24
2981,17.54,18.33
2982,17.43,18.50
2983,17.14,17.11
2984,17.41,17.87
2985,17.42,18.48
2986,17.01,16.98
2987,16.67,16.66
2988,17.21,18.53
2989,17.70,18.29
2990,19.37,19.39
2991,19.41,19.66
2992,17.92,18.44
2993,17.83,18.36
2994,17.01,17.34
2995,17.16,16.84
2996,17.91,18.45
2997,17.70,18.74
2998,17.15,17.19
2999,17.18,17.26
3000,18.74,19.45
3001,18.31,18.73
3002,16.46,16.76
3003,16.64,16.83
3004,17.79,18.62
3005,17.87,18.60
3006,23.27,24.86
3007,23.51,24.78
3008,17.91,18.51
3009,19.04,18.83
3010,17.28,17.99
3011,16.84,17.16
3012,18.21,19.17
3013,17.64,18.79
3014,17.47,17.45
3015,18.33,17.67
3016,18.83,18.93
3017,17.79,18.49
3018,17.90,17.31
3019,17.16,17.98
3020,17.83,18.63
3021,17.85,18.56
3022,20.65,20.73
3023,20.23,20.55
3024,18.09,19.06
3025,18.53,18.91
3026,17.50,18.42
3027,17.16,17.26
3028,18.05,18.81
3029,18.23,19.00
3030,17.69,17.69
3031,17.76,17.66
3032,18.43,19.39
3033,18.32,19.06
3034,17.89,17.63
3035,17.22,17.83
3036,18.10,18.86
3037,18.40,19.13
3038,20.80,20.86
3039,20.74,21.00
3040,18.78,18.89
3041,18.23,18.82
3042,17.34,17.44
3043,17.59,17.69
3044,18.23,20.07
3045,18.10,20.65
3046,18.99,19.04
3047,19.59,19.15
3048,17.97,18.47
3049,18.61,19.11
3050,17.61,17.88
3051,18.30,18.09
3052,19.12,19.40
3053,18.64,19.22
3054,20.54,20.52
3055,20.46,21.02
3056,18.73,19.31
3057,18.70,19.73
3058,17.76,18.44
3059,18.32,17.84
3060,19.00,19.54
3061,18.48,19.35
3062,17.88,18.05
3063,18.20,18.08
3064,18.88,19.58
3065,19.05,19.71
3066,17.96,18.25
3067,18.35,18.12
3068,18.90,20.96
3069,19.10,19.54
3070,59.74,62.58
3071,61.70,62.44
3072,19.39,19.88
3073,20.49,21.27
3074,18.32,17.58
3075,17.99,18.75
3076,18.90,20.21
3077,19.02,19.85
3078,18.45,18.41
3079,18.66,18.82
3080,18.98,19.60
3081,18.95,19.79
3082,18.35,18.76
3083,18.34,18.42
3084,19.13,19.84
3085,19.64,20.49
3086,21.29,21.44
3087,21.74,21.84
3088,19.24,19.84
3089,19.47,19.98
3090,18.99,19.45
3091,18.18,18.53
3092,20.14,20.17
3093,19.80,20.18
3094,19.97,20.05
3095,21.16,20.13
3096,19.57,20.14
3097,19.19,20.19
3098,18.22,18.36
3099,18.30,18.46
3100,19.84,20.41
3101,19.50,20.64
3102,22.60,23.09
3103,22.36,23.72
3104,19.65,20.59
3105,20.39,20.81
3106,18.43,19.39
3107,18.76,18.62
3108,19.36,20.16
3109,20.31,20.35
3110,19.19,19.15
3111,19.54,19.63
3112,19.44,21.20
3113,20.05,21.20
3114,19.24,20.43
3115,18.76,19.38
3116,19.87,20.86
3117,19.71,21.07
3118,22.72,22.40
3119,22.76,24.95
3120,19.96,20.64
3121,19.83,20.89
3122,19.27,19.58
3123,18.93,19.27
3124,19.86,20.48
3125,20.84,20.70
3126,20.13,20.15
3127,20.53,20.49
3128,19.84,20.46
3129,19.73,20.31
3130,19.49,19.64
3131,19.22,19.45
3132,20.62,20.90
3133,20.01,20.96
3134,27.42,28.88
3135,28.18,28.28
3136,19.75,20.44
3137,20.15,20.86
3138,19.89,19.93
3139,19.02,19.62
3140,20.37,20.72
3141,20.52,21.07
3142,19.68,20.34
3143,19.75,20.15
3144,21.58,21.31
3145,20.74,21.04
3146,19.46,19.74
3147,19.62,19.83
3148,20.50,21.45
3149,20.56,21.17
3150,22.59,22.51
3151,22.47,22.73
3152,20.90,21.37
3153,20.61,21.53
3154,20.08,20.07
3155,19.97,19.88
3156,20.57,21.40
3157,20.89,21.54
3158,20.37,20.33
3159,20.01,20.30
3160,20.70,21.95
3161,20.71,22.01
3162,19.65,19.73
3163,19.78,19.96
3164,20.90,22.23
3165,21.00,23.40
3166,23.73,23.83
3167,24.69,24.56
3168,20.66,21.75
3169,21.04,22.14
3170,20.32,20.98
3171,20.34,20.59
3172,20.83,21.59
3173,20.98,22.41
3174,21.05,21.66
3175,20.85,20.67
3176,20.77,21.65
3177,20.82,22.29
3178,20.46,20.93
3179,20.45,20.37
3180,21.08,21.82
3181,21.86,21.85
3182,23.11,23.15
3183,22.89,22.92
3184,20.86,21.99
3185,21.91,22.11
3186,20.44,20.76
3187,20.18,20.58
3188,21.33,22.05
3189,21.51,21.97
3190,20.59,21.17
3191,20.70,21.19
3192,21.04,21.74
3193,21.03,21.81
3194,20.01,21.20
3195,20.19,21.85
3196,20.93,22.19
3197,22.75,22.14
3198,48.63,49.25
3199,47.49,48.73
3200,21.40,21.87
3201,21.44,22.69
3202,20.74,20.76
3203,20.40,20.66
3204,22.20,23.08
3205,22.24,23.24
3206,21.21,21.68
3207,21.31,21.25
3208,21.38,22.76
3209,21.51,22.37
3210,20.50,20.92
3211,20.79,21.09
3212,21.42,22.47
3213,22.07,22.90
3214,24.55,25.42
3215,24.48,24.60
3216,21.83,22.91
3217,21.93,22.77
3218,20.79,20.98
3219,20.68,21.12
3220,22.04,22.61
3221,22.11,22.64
3222,21.72,21.61
3223,21.44,22.21
3224,21.91,23.13
3225,21.81,22.83
3226,21.20,21.40
3227,21.14,21.46
3228,21.56,22.33
3229,22.06,23.32
3230,25.12,25.45
3231,25.35,25.34
3232,22.15,23.00
3233,22.17,23.23
3234,21.50,21.40
3235,21.47,21.51
3236,22.44,23.28
3237,22.77,23.36
3238,22.18,22.42
3239,22.46,22.22
3240,22.25,22.83
3241,22.17,22.86
3242,20.87,21.67
3243,20.87,21.34
3244,23.26,23.70
3245,22.40,23.19
3246,25.13,25.12
3247,26.00,25.32
3248,21.93,23.14
3249,22.15,23.47
3250,26.46,23.79
3251,24.01,23.76
3252,24.06,24.24
3253,27.83,25.25
3254,24.05,23.58
3255,24.46,23.84
3256,24.68,30.34
3257,26.87,25.88
3258,23.89,25.41
3259,27.67,28.34
3260,29.18,29.19
3261,26.86,25.78
3262,33.92,34.69
3263,32.25,33.36
3264,28.83,28.36
3265,26.36,27.38
3266,25.44,25.72
3267,25.68,28.80
3268,26.67,27.74
3269,26.04,26.18
3270,25.57,25.47
3271,24.62,24.42
3272,25.81,23.40
3273,31.10,30.83
3274,27.11,25.69
3275,24.74,24.12
3276,24.54,24.18
3277,23.76,23.27
3278,28.57,28.18
3279,30.23,28.93
3280,24.36,23.84
3281,24.14,24.37
3282,22.99,22.65
3283,22.68,22.48
3284,28.93,35.24
3285,27.38,27.02
3286,27.19,27.00
3287,25.70,24.69
3288,24.55,24.88
3289,27.52,26.95
3290,30.33,29.88
3291,26.98,26.71
3292,27.88,28.83
3293,26.81,28.00
3294,38.87,40.44
3295,32.23,31.69
3296,31.89,31.32
3297,26.15,24.80
3298,23.85,23.88
3299,23.12,23.07
3300,25.77,25.65
3301,24.11,24.46
3302,23.41,23.72
3303,26.52,25.77
3304,29.83,34.13
3305,24.57,24.17
3306,26.55,29.38
3307,25.75,24.69
3308,25.92,29.62
3309,25.43,24.04
3310,26.87,27.45
3311,27.60,27.85
3312,24.08,25.20
3313,24.18,24.05
3314,25.39,25.79
3315,24.08,23.85
3316,24.29,25.20
3317,24.17,25.38
3318,24.90,26.40
3319,25.38,26.72
3320,26.21,28.62
3321,27.90,26.88
3322,26.12,25.50
3323,24.39,24.36
3324,25.46,26.38
3325,25.81,26.25
3326,58.72,58.14
3327,64.87,61.08
3328,28.17,24.73
3329,26.00,24.70
3330,23.93,23.12
3331,25.49,25.55
3332,25.91,25.38
3333,25.80,25.50
3334,26.39,27.77
3335,27.44,27.28
3336,26.23,26.20
3337,24.97,24.41
3338,25.37,25.74
3339,24.30,23.66
3340,24.84,25.90
3341,24.64,25.52
3342,28.86,31.53
3343,27.41,27.46
3344,25.31,28.52
3345,24.81,29.83
3346,23.81,24.12
3347,25.13,25.52
3348,25.03,25.30
3349,24.66,25.55
3350,25.49,24.96
3351,25.48,24.77
3352,24.50,25.75
3353,24.67,25.52
3354,23.22,27.92
3355,23.76,23.94
3356,25.39,25.76
3357,24.93,25.51
3358,28.36,28.69
3359,28.35,28.64
3360,26.29,27.91
3361,25.70,25.66
3362,23.20,23.82
3363,23.17,23.66
3364,24.72,29.13
3365,26.33,25.74
3366,25.04,25.86
3367,24.97,25.06
3368,24.93,26.16
3369,25.98,25.76
3370,23.87,25.01
3371,24.59,25.11
3372,24.93,25.88
3373,25.23,26.70
3374,29.16,28.75
3375,27.77,28.20
3376,28.89,26.16
3377,25.19,26.08
3378,26.58,24.60
3379,24.03,27.60
3380,25.13,26.24
3381,25.04,26.04
3382,25.39,28.51
3383,29.82,26.16
3384,27.08,27.20
3385,32.09,25.83
3386,24.95,24.54
3387,27.78,25.51
3388,25.94,26.43
3389,25.64,26.29
3390,38.29,38.70
3391,38.77,37.72
3392,25.70,27.40
3393,25.60,26.79
3394,25.36,25.32
3395,24.81,24.88
3396,26.24,26.28
3397,25.61,26.30
3398,25.65,26.22
3399,26.43,25.43
3400,25.70,26.88
3401,26.00,30.47
3402,24.58,24.50
3403,25.18,25.00
3404,25.82,26.38
3405,26.65,26.85
3406,28.37,29.02
3407,30.46,29.12
3408,25.04,25.80
3409,25.06,25.33
3410,24.80,24.38
3411,24.52,24.94
3412,24.91,26.00
3413,29.30,29.16
3414,27.97,26.49
3415,25.11,27.25
3416,24.67,25.18
3417,26.21,26.23
3418,25.59,25.37
3419,30.11,31.53
3420,29.79,29.38
3421,27.55,26.84
3422,30.80,30.92
3423,29.82,29.97
3424,27.28,27.51
3425,26.30,27.24
3426,27.20,27.52
3427,28.43,25.69
3428,26.01,25.23
3429,26.38,27.03
3430,27.82,28.30
3431,27.15,26.94
3432,28.32,28.59
3433,27.34,26.83
3434,27.56,27.53
3435,28.97,30.63
3436,29.66,29.16
3437,28.89,29.03
3438,29.45,29.36
3439,29.02,29.27
3440,27.81,29.51
3441,27.05,28.38
3442,29.57,28.77
3443,27.68,28.66
3444,28.46,28.64
3445,27.95,28.38
3446,27.94,27.81
3447,31.96,30.63
3448,27.50,27.81
3449,29.12,28.69
3450,26.86,26.59
3451,27.41,26.68
3452,26.35,27.29
3453,26.64,27.29
3454,59.92,61.07
3455,62.24,62.61
3456,27.93,28.83
3457,29.37,29.40
3458,28.17,28.76
3459,26.92,27.22
3460,28.72,28.96
3461,27.46,28.66
3462,27.78,29.77
3463,30.27,29.57
3464,26.27,29.41
3465,27.44,29.36
3466,28.44,30.01
3467,28.19,29.10
3468,30.15,30.22
3469,28.55,28.98
3470,32.46,31.58
3471,33.63,32.83
3472,28.21,31.18
3473,27.69,30.25
3474,28.89,28.77
3475,28.65,29.52
3476,28.19,29.08
3477,27.39,27.89
3478,29.23,31.17
3479,29.99,29.54
3480,28.97,30.24
3481,30.83,32.18
3482,28.45,28.23
3483,30.32,34.29
3484,30.68,30.50
3485,29.34,28.93
3486,33.04,34.59
3487,34.22,33.87
3488,30.23,30.41
3489,29.40,29.14
3490,29.70,29.34
3491,29.48,29.64
3492,32.54,31.73
3493,30.11,30.02
3494,35.34,32.68
3495,29.69,29.50
3496,31.30,30.46
3497,29.53,29.34
3498,27.73,30.59
3499,29.70,27.14
3500,28.92,29.06
3501,30.16,30.09
3502,32.52,32.08
3503,33.90,34.50
3504,29.41,29.81
3505,27.70,28.68
3506,26.96,28.33
3507,26.87,27.20
3508,30.91,30.07
3509,27.41,30.45
3510,28.40,28.37
3511,28.19,29.61
3512,29.29,30.37
3513,32.02,32.98
3514,34.87,31.31
3515,33.02,34.07
3516,30.18,30.36
3517,32.16,31.16
3518,41.18,42.68
3519,43.36,45.49
3520,28.17,30.55
3521,31.13,29.12
3522,27.84,27.72
3523,30.95,30.15
3524,29.16,28.93
3525,28.66,30.06
3526,31.54,30.69
3527,30.73,32.68
3528,29.89,30.07
3529,33.83,32.81
3530,30.29,30.70
3531,29.41,28.11
3532,32.88,32.75
3533,30.61,30.63
3534,33.33,39.77
3535,38.60,34.72
3536,32.64,31.38
3537,30.71,29.91
3538,28.33,29.32
3539,28.12,29.19
3540,32.81,31.93
3541,30.58,31.03
3542,32.15,31.81
3543,34.56,33.15
3544,33.41,34.45
3545,32.93,34.26
3546,30.40,30.24
3547,32.94,31.58
3548,32.05,32.33
3549,31.35,32.12
3550,41.22,39.00
3551,35.40,34.31
3552,29.77,30.26
3553,29.51,30.81
3554,34.35,33.46
3555,33.33,31.76
3556,32.72,32.04
3557,32.99,33.67
3558,33.67,33.60
3559,32.75,35.71
3560,32.53,31.36
3561,29.39,31.12
3562,30.20,32.39
3563,30.02,29.99
3564,34.42,33.54
3565,29.59,32.09
3566,36.42,33.59
3567,37.07,36.02
3568,30.74,30.27
3569,30.86,30.20
3570,29.60,28.29
3571,28.81,29.02
3572,29.12,29.86
3573,29.20,29.88
3574,31.03,31.34
3575,31.21,30.67
3576,31.99,31.39
3577,30.07,31.09
3578,28.80,28.70
3579,29.19,30.75
3580,29.88,30.26
3581,30.31,31.56
3582,88.43,88.25
3583,87.20,89.84
3584,30.80,31.70
3585,29.70,31.52
3586,29.62,30.95
3587,30.45,29.51
3588,30.14,30.28
3589,29.32,30.62
3590,29.56,29.70
3591,31.71,32.18
3592,32.12,31.70
3593,30.95,32.09
3594,29.41,30.97
3595,31.51,30.68
3596,32.48,33.41
3597,34.20,33.29
3598,34.74,34.77
3599,38.47,37.52
3600,31.84,31.58
3601,30.50,32.41
3602,30.14,29.94
3603,29.97,29.83
3604,32.76,35.07
3605,32.26,36.64
3606,31.23,32.04
3607,31.46,31.05
3608,30.30,32.21
3609,31.53,34.31
3610,32.68,31.23
3611,29.73,33.55
3612,30.27,32.59
3613,31.54,32.47
3614,38.23,37.07
3615,36.37,39.27
3616,32.45,33.28
3617,31.57,31.71
3618,30.85,31.06
3619,30.94,32.02
3620,34.19,33.11
3621,32.23,31.71
3622,32.93,31.12
3623,31.75,31.17
3624,32.53,31.89
3625,35.31,36.28
3626,30.77,30.33
3627,30.24,29.89
3628,30.72,32.08
3629,31.74,31.75
3630,33.92,34.39
3631,35.47,34.59
3632,30.42,31.41
3633,32.81,33.01
3634,30.85,31.42
3635,30.29,37.12
3636,33.62,32.58
3637,30.58,32.73
3638,33.14,32.75
3639,34.61,34.59
3640,32.63,32.38
3641,35.87,36.31
3642,35.01,36.58
3643,31.95,33.38
3644,35.12,34.45
3645,33.81,35.70
3646,50.21,47.46
3647,52.58,49.06
3648,35.22,33.22
3649,32.83,34.26
3650,35.09,35.34
3651,33.03,33.60
3652,34.94,35.41
3653,33.17,32.94
3654,33.04,33.33
3655,34.44,35.49
3656,42.03,39.85
3657,34.91,34.77
3658,35.12,34.61
3659,34.52,34.32
3660,38.03,37.33
3661,35.92,35.80
3662,38.39,37.00
3663,37.27,36.56
3664,33.29,34.12
3665,42.29,44.11
3666,36.96,37.49
3667,39.55,38.82
3668,37.67,37.72
3669,38.40,37.47
3670,35.96,35.37
3671,39.36,39.24
3672,35.83,36.25
3673,38.03,38.34
3674,35.60,35.47
3675,36.05,38.06
3676,39.43,39.98
3677,38.08,39.69
3678,39.19,40.09
3679,39.06,39.87
3680,35.49,35.88
3681,33.13,37.05
3682,37.62,37.09
3683,40.31,40.75
3684,37.39,37.60
3685,34.40,33.99
3686,34.96,34.67
3687,35.01,35.17
3688,32.86,34.20
3689,32.56,33.51
3690,35.97,35.54
3691,38.56,40.15
3692,36.68,37.43
3693,33.66,34.46
3694,37.45,36.84
3695,45.34,45.51
3696,42.31,38.55
3697,39.58,40.00
3698,40.33,39.39
3699,34.59,34.50
3700,37.72,37.10
3701,35.53,35.68
3702,36.05,37.41
3703,35.74,37.24
3704,35.91,36.26
3705,36.40,35.89
3706,35.19,34.54
3707,40.59,39.58
3708,38.26,37.49
3709,37.86,38.91
3710,75.80,76.73
3711,73.61,77.29
3712,39.57,39.69
3713,36.09,37.29
3714,35.91,36.19
3715,34.16,34.68
3716,35.55,41.48
3717,43.24,43.24
3718,43.97,43.95
3719,44.49,45.29
3720,43.17,43.70
3721,43.96,43.89
3722,46.72,46.81
3723,46.40,47.59
3724,47.44,44.06
3725,38.71,37.38
3726,43.03,43.45
3727,39.93,40.68
3728,35.96,35.40
3729,36.44,35.44
3730,35.20,36.49
3731,36.08,36.30
3732,35.77,36.23
3733,35.92,36.79
3734,37.20,37.49
3735,37.93,38.00
3736,36.63,36.16
3737,36.07,36.10
3738,37.05,36.39
3739,36.17,36.59
3740,37.75,37.35
3741,36.98,37.64
3742,41.53,42.41
3743,42.41,42.40
3744,37.31,37.99
3745,37.50,37.13
3746,37.25,37.34
3747,36.97,37.33
3748,37.07,37.70
3749,35.66,37.35
3750,35.50,35.63
3751,37.33,35.70
3752,33.79,35.20
3753,35.83,35.85
3754,34.92,34.45
3755,38.68,37.79
3756,40.47,41.91
3757,42.17,41.41
3758,45.82,46.90
3759,48.86,47.38
3760,40.27,38.79
3761,37.46,47.36
3762,39.67,41.38
3763,37.04,36.78
3764,35.21,34.90
3765,37.25,37.07
3766,43.45,44.24
3767,41.26,42.58
3768,44.77,44.10
3769,40.49,41.78
3770,37.97,38.64
3771,34.20,34.25
3772,36.11,36.17
3773,36.24,37.33
3774,85.26,80.51
3775,59.51,58.59
3776,40.17,40.97
3777,39.36,38.82
3778,36.91,37.32
3779,36.51,39.14
3780,39.49,38.13
3781,35.92,36.66
3782,44.76,44.62
3783,44.39,42.53
3784,36.93,37.94
3785,39.53,38.90
3786,39.34,39.78
3787,45.82,43.65
3788,36.56,38.17
3789,39.59,37.89
3790,54.83,52.55
3791,42.18,41.26
3792,40.80,41.36
3793,42.34,41.73
3794,36.67,36.57
3795,41.08,41.18
3796,42.63,42.26
3797,37.74,38.69
3798,39.01,40.08
3799,40.89,41.21
3800,36.38,36.35
3801,36.17,36.74
3802,35.32,35.36
3803,39.57,38.90
3804,36.32,37.11
3805,36.12,37.65
3806,44.07,46.19
3807,42.84,43.50
3808,36.44,36.92
3809,35.79,36.83
3810,34.93,36.67
3811,34.92,35.07
3812,36.44,36.92
3813,37.10,38.37
3814,36.72,37.18
3815,37.15,37.27
3816,35.82,37.25
3817,37.09,37.33
3818,35.62,36.00
3819,35.84,36.19
3820,37.52,37.94
3821,37.17,37.77
3822,42.21,42.37
3823,41.84,41.77
3824,37.40,38.16
3825,37.90,37.69
3826,38.06,38.25
3827,38.61,38.78
3828,37.91,37.86
3829,47.23,44.08
3830,43.05,43.12
3831,44.30,40.38
3832,41.61,40.72
3833,45.73,46.47
3834,39.87,40.49
3835,37.74,37.46
3836,36.97,37.68
3837,40.82,41.57
3838,92.95,93.80
3839,90.01,101.77
3840,38.32,38.57
3841,37.05,38.92
3842,38.38,37.96
3843,42.48,43.88
3844,40.62,39.70
3845,39.63,40.63
3846,41.21,41.25
3847,44.29,44.56
3848,41.25,41.47
3849,41.26,41.13
3850,39.44,38.87
3851,43.41,42.75
3852,38.70,38.02
3853,40.51,39.65
3854,44.31,45.17
3855,45.37,43.48
3856,39.30,39.59
3857,39.73,39.70
3858,40.45,37.64
3859,38.03,39.66
3860,40.72,40.90
3861,42.10,40.07
3862,44.33,40.71
3863,38.59,39.37
3864,38.39,39.19
3865,38.23,39.21
3866,41.12,38.80
3867,37.72,37.62
3868,38.47,39.76
3869,42.44,40.77
3870,48.16,47.01
3871,45.91,46.86
3872,46.78,54.35
3873,50.00,47.89
3874,38.42,38.25
3875,42.22,42.11
3876,42.00,39.83
3877,38.75,39.30
3878,39.33,39.82
3879,39.71,38.84
3880,39.54,40.63
3881,39.60,40.72
3882,37.98,38.86
3883,37.72,38.48
3884,43.48,40.27
3885,39.27,45.90
3886,43.40,43.73
3887,43.49,46.04
3888,39.22,39.61
3889,43.16,43.83
3890,38.69,38.97
3891,37.44,37.98
3892,38.99,45.35
3893,43.80,43.26
3894,38.54,39.43
3895,40.43,40.02
3896,40.04,40.40
3897,41.43,42.03
3898,40.13,40.07
3899,39.44,39.81
3900,41.69,41.27
3901,39.68,40.67
3902,62.23,59.70
3903,59.30,63.92
3904,39.74,40.32
3905,44.42,46.54
3906,43.07,42.25
3907,40.63,40.25
3908,44.91,41.76
3909,42.51,41.54
3910,44.77,40.48
3911,40.02,45.17
3912,41.01,41.39
3913,42.27,44.55
3914,38.43,39.25
3915,39.01,42.19
3916,43.32,44.72
3917,41.43,46.16
3918,44.48,44.52
3919,44.06,45.36
3920,40.04,40.96
3921,40.06,41.35
3922,38.75,39.07
3923,38.88,39.19
3924,40.11,40.90
3925,40.42,41.07
3926,43.01,43.11
3927,42.94,43.17
3928,41.12,41.69
3929,41.79,41.67
3930,41.47,41.81
3931,40.90,41.70
3932,42.33,41.92
3933,42.03,41.93
3934,48.37,48.51
3935,47.73,49.75
3936,41.97,42.40
3937,42.26,42.23
3938,41.02,41.12
3939,41.84,42.20
3940,40.93,40.74
3941,40.87,40.62
3942,43.57,42.91
3943,42.94,43.18
3944,41.19,41.54
3945,41.66,42.45
3946,41.84,42.07
3947,41.84,42.34
3948,41.70,42.69
3949,42.08,42.75
3950,45.24,45.67
3951,45.31,45.91
3952,41.85,43.83
3953,41.58,43.43
3954,41.41,40.05
3955,40.68,40.37
3956,41.76,41.89
3957,42.35,42.43
3958,40.88,41.38
3959,41.05,41.29
3960,41.79,42.55
3961,41.55,43.30
3962,39.60,40.70
3963,39.50,40.52
3964,42.20,44.38
3965,42.78,43.11
3966,81.86,85.30
3967,84.72,85.44
3968,42.08,42.75
3969,41.94,41.90
3970,40.89,40.88
3971,40.99,40.97
3972,41.88,44.46
3973,42.69,43.23
3974,41.17,41.71
3975,41.32,41.90
3976,42.70,43.19
3977,42.44,43.52
3978,39.63,40.59
3979,39.79,40.45
3980,41.13,43.78
3981,41.62,42.84
3982,45.40,45.44
3983,46.69,46.82
3984,42.18,43.38
3985,42.67,43.40
3986,40.25,41.34
3987,40.24,41.46
3988,42.33,43.99
3989,42.63,43.53
3990,41.56,42.06
3991,42.81,43.57
3992,42.42,43.65
3993,42.15,44.31
3994,41.08,41.87
3995,41.12,41.18
3996,43.20,44.92
3997,42.89,45.17
3998,51.43,51.82
3999,50.73,50.25
4000,42.79,43.98
4001,42.87,43.87
4002,40.25,40.11
4003,39.76,40.47
4004,43.19,44.02
4005,43.50,44.98
4006,44.56,44.95
4007,45.37,46.00
4008,44.03,44.32
4009,44.39,44.65
4010,41.61,42.38
4011,41.49,42.43
4012,43.48,44.42
4013,43.65,44.25
4014,47.29,47.52
4015,47.04,47.86
4016,44.04,45.05
4017,44.09,44.99
4018,42.49,42.34
4019,42.46,42.31
4020,43.10,43.77
4021,43.03,44.45
4022,44.75,44.92
4023,43.79,44.45
4024,42.52,45.34
4025,43.45,44.66
4026,42.14,42.55
4027,41.76,42.77
4028,43.62,44.94
4029,43.74,45.22
4030,65.69,67.72
4031,66.94,66.64
4032,43.71,44.90
4033,44.26,45.78
4034,41.73,42.53
4035,41.65,42.75
4036,43.92,45.37
4037,43.95,44.93
4038,42.84,43.62
4039,43.11,43.91
4040,43.48,43.90
4041,43.67,45.03
4042,41.36,42.62
4043,41.27,41.25
4044,44.85,45.16
4045,44.29,45.87
4046,47.83,48.49
4047,47.41,48.14
4048,44.39,46.02
4049,44.60,45.80
4050,42.01,42.43
4051,42.98,42.95
4052,45.09,46.28
4053,44.23,45.96
4054,44.39,43.85
4055,43.26,43.81
4056,43.87,45.18
4057,47.88,48.34
4058,41.97,43.18
4059,42.29,43.47
4060,44.19,45.38
4061,43.77,45.81
4062,57.67,58.31
4063,57.50,58.58
4064,43.87,45.36
4065,44.02,45.02
4066,42.32,42.36
4067,42.49,43.25
4068,44.64,45.93
4069,44.91,45.66
4070,43.93,44.82
4071,43.22,43.86
4072,43.93,45.22
4073,44.81,45.55
4074,41.92,42.92
4075,42.58,43.04
4076,44.31,45.46
4077,44.46,45.88
4078,47.90,49.06
4079,48.01,48.72
4080,44.47,45.60
4081,44.21,46.42
4082,42.73,43.25
4083,42.65,43.07
4084,44.51,46.29
4085,44.56,45.82
4086,44.54,44.00
4087,44.04,44.96
4088,44.41,45.68
4089,44.87,45.48
4090,43.42,43.89
4091,43.01,43.54
4092,43.80,44.62
4093,43.84,44.59
4094,123.24,124.33
4095,123.61,124.07
4096,43.04,44.23
4097,44.09,44.22
4098,42.58,44.49
4099,42.74,43.16
4100,46.03,46.34
