n,add,in
1,0.00,0.00
2,0.00,0.00
3,0.00,0.00
4,0.00,0.00
5,0.00,0.00
6,0.00,0.00
7,0.00,0.00
8,0.00,0.00
9,0.00,0.00
10,0.00,0.00
11,0.00,0.00
12,0.00,0.00
13,0.00,0.00
14,0.00,0.00
15,0.00,0.00
16,0.00,0.00
17,0.00,0.00
18,0.00,0.00
19,0.00,0.00
20,0.00,0.00
21,0.00,0.00
22,0.00,0.00
23,0.00,0.00
24,0.00,0.00
25,0.00,0.00
26,0.00,0.00
27,0.00,0.00
28,0.00,0.00
29,0.00,0.00
30,0.00,0.00
31,0.00,0.00
32,0.00,0.00
33,0.00,0.00
34,0.00,0.00
35,0.00,0.00
36,0.00,0.00
37,0.00,0.00
38,0.00,0.00
39,0.00,0.00
40,0.00,0.00
41,0.00,0.00
42,0.00,0.00
43,0.00,0.00
44,0.00,0.00
45,0.00,0.00
46,0.00,0.00
47,0.00,0.00
48,0.00,0.00
49,0.00,0.00
50,0.00,0.00
51,0.00,0.00
52,0.00,0.00
53,0.00,0.00
54,0.00,0.00
55,0.00,0.00
56,0.00,0.00
57,0.00,0.00
58,0.00,0.00
59,0.00,0.00
60,0.00,0.00
61,0.00,0.00
62,0.01,0.00
63,0.01,0.00
64,0.01,0.00
65,0.00,0.00
66,0.00,0.00
67,0.00,0.00
68,0.00,0.00
69,0.00,0.00
70,0.01,0.00
71,0.01,0.00
72,0.00,0.00
73,0.01,0.00
74,0.00,0.00
75,0.00,0.00
76,0.01,0.00
77,0.00,0.00
78,0.00,0.00
79,0.00,0.00
80,0.01,0.00
81,0.01,0.00
82,0.00,0.00
83,0.00,0.00
84,0.01,0.00
85,0.01,0.00
86,0.00,0.00
87,0.00,0.00
88,0.01,0.00
89,0.01,0.00
90,0.00,0.00
91,0.00,0.00
92,0.01,0.00
93,0.01,0.00
94,0.01,0.00
95,0.01,0.00
96,0.01,0.00
97,0.01,0.00
98,0.00,0.00
99,0.00,0.00
100,0.01,0.00
101,0.01,0.00
102,0.00,0.00
103,0.01,0.00
104,0.01,0.00
105,0.01,0.00
106,0.00,0.00
107,0.00,0.00
108,0.01,0.00
109,0.01,0.00
110,0.01,0.00
111,0.01,0.00
112,0.01,0.00
113,0.01,0.00
114,0.00,0.00
115,0.01,0.00
116,0.01,0.00
117,0.01,0.00
118,0.01,0.01
119,0.01,0.00
120,0.01,0.00
121,0.01,0.00
122,0.01,0.01
123,0.01,0.01
124,0.01,0.00
125,0.02,0.01
126,0.05,0.05
127,0.04,0.04
128,0.01,0.01
129,0.01,0.01
130,0.02,0.01
131,0.01,0.01
132,0.01,0.01
133,0.01,0.01
134,0.01,0.01
135,0.01,0.01
136,0.01,0.01
137,0.01,0.01
138,0.01,0.01
139,0.01,0.01
140,0.01,0.01
141,0.01,0.01
142,0.01,0.01
143,0.01,0.01
144,0.01,0.01
145,0.01,0.01
146,0.01,0.01
147,0.01,0.01
148,0.01,0.01
149,0.02,0.01
150,0.01,0.01
151,0.01,0.01
152,0.02,0.01
153,0.02,0.01
154,0.01,0.01
155,0.01,0.01
156,0.02,0.01
157,0.02,0.01
158,0.03,0.02
159,0.03,0.02
160,0.02,0.01
161,0.02,0.01
162,0.01,0.01
163,0.01,0.01
164,0.02,0.01
165,0.02,0.01
166,0.01,0.01
167,0.01,0.01
168,0.02,0.01
169,0.02,0.01
170,0.01,0.01
171,0.02,0.01
172,0.02,0.01
173,0.03,0.01
174,0.03,0.01
175,0.03,0.01
176,0.03,0.01
177,0.02,0.01
178,0.01,0.01
179,0.01,0.01
180,0.03,0.01
181,0.03,0.01
182,0.01,0.02
183,0.01,0.01
184,0.02,0.01
185,0.02,0.01
186,0.02,0.01
187,0.01,0.01
188,0.02,0.01
189,0.02,0.01
190,0.07,0.07
191,0.07,0.08
192,0.02,0.01
193,0.02,0.01
194,0.02,0.02
195,0.02,0.01
196,0.02,0.01
197,0.02,0.01
198,0.07,0.02
199,0.02,0.01
200,0.03,0.01
201,0.03,0.02
202,0.02,0.01
203,0.02,0.02
204,0.02,0.02
205,0.03,0.02
206,0.06,0.02
207,0.06,0.02
208,0.03,0.02
209,0.03,0.02
210,0.02,0.02
211,0.02,0.02
212,0.03,0.02
213,0.03,0.02
214,0.02,0.02
215,0.03,0.02
216,0.03,0.02
217,0.03,0.02
218,0.02,0.02
219,0.03,0.02
220,0.03,0.02
221,0.04,0.02
222,0.07,0.07
223,0.09,0.08
224,0.04,0.04
225,0.04,0.03
226,0.03,0.02
227,0.02,0.02
228,0.03,0.02
229,0.03,0.02
230,0.03,0.02
231,0.03,0.03
232,0.03,0.02
233,0.07,0.02
234,0.02,0.02
235,0.02,0.02
236,0.03,0.02
237,0.03,0.02
238,0.08,0.03
239,0.08,0.03
240,0.03,0.02
241,0.04,0.02
242,0.03,0.03
243,0.03,0.02
244,0.04,0.02
245,0.06,0.03
246,0.10,0.04
247,0.04,0.04
248,0.05,0.05
249,0.05,0.03
250,0.03,0.03
251,0.03,0.03
252,0.05,0.03
253,0.07,0.04
254,0.16,0.17
255,0.17,0.27
256,0.04,0.03
257,0.04,0.03
258,0.05,0.04
259,0.04,0.04
260,0.06,0.03
261,0.06,0.03
262,0.06,0.04
263,0.07,0.04
264,0.06,0.04
265,0.06,0.03
266,0.03,0.03
267,0.03,0.03
268,0.07,0.03
269,0.05,0.03
270,0.10,0.04
271,0.10,0.05
272,0.05,0.03
273,0.05,0.03
274,0.03,0.03
275,0.03,0.03
276,0.05,0.03
277,0.09,0.04
278,0.05,0.04
279,0.05,0.04
280,0.05,0.04
281,0.08,0.09
282,0.04,0.04
283,0.04,0.04
284,0.06,0.04
285,0.06,0.04
286,0.12,0.13
287,0.12,0.12
288,0.06,0.04
289,0.06,0.04
290,0.04,0.04
291,0.04,0.04
292,0.06,0.04
293,0.10,0.04
294,0.07,0.04
295,0.06,0.03
296,0.06,0.04
297,0.06,0.04
298,0.04,0.05
299,0.04,0.05
300,0.07,0.05
301,0.11,0.06
302,0.12,0.08
303,0.12,0.11
304,0.08,0.05
305,0.07,0.05
306,0.05,0.05
307,0.05,0.05
308,0.07,0.05
309,0.07,0.05
310,0.08,0.05
311,0.07,0.06
312,0.07,0.05
313,0.07,0.05
314,0.06,0.06
315,0.05,0.05
316,0.08,0.06
317,0.07,0.05
318,0.21,0.23
319,0.21,0.23
320,0.08,0.06
321,0.08,0.06
322,0.05,0.06
323,0.06,0.06
324,0.09,0.06
325,0.09,0.06
326,0.09,0.06
327,0.10,0.07
328,0.10,0.06
329,0.10,0.07
330,0.05,0.07
331,0.06,0.05
332,0.12,0.07
333,0.15,0.09
334,0.19,0.08
335,0.18,0.10
336,0.09,0.07
337,0.10,0.07
338,0.06,0.08
339,0.11,0.07
340,0.12,0.08
341,0.13,0.08
342,0.11,0.05
343,0.12,0.08
344,0.11,0.08
345,0.11,0.08
346,0.06,0.07
347,0.10,0.07
348,0.17,0.09
349,0.13,0.05
350,0.28,0.14
351,0.20,0.24
352,0.12,0.08
353,0.15,0.09
354,0.07,0.08
355,0.07,0.08
356,0.12,0.08
357,0.12,0.08
358,0.13,0.09
359,0.13,0.09
360,0.22,0.09
361,0.12,0.08
362,0.07,0.09
363,0.07,0.09
364,0.15,0.06
365,0.14,0.06
366,0.22,0.12
367,0.28,0.08
368,0.11,0.09
369,0.13,0.09
370,0.08,0.10
371,0.10,0.08
372,0.12,0.10
373,0.13,0.09
374,0.15,0.10
375,0.15,0.11
376,0.13,0.10
377,0.13,0.10
378,0.09,0.12
379,0.08,0.11
380,0.14,0.10
381,0.12,0.10
382,0.34,0.39
383,0.34,0.39
384,0.21,0.12
385,0.16,0.08
386,0.09,0.11
387,0.08,0.11
388,0.14,0.11
389,0.13,0.11
390,0.17,0.12
391,0.17,0.12
392,0.14,0.11
393,0.14,0.11
394,0.09,0.11
395,0.10,0.11
396,0.14,0.11
397,0.28,0.13
398,0.26,0.15
399,0.26,0.15
400,0.14,0.12
401,0.14,0.11
402,0.10,0.12
403,0.17,0.12
404,0.20,0.11
405,0.15,0.09
406,0.25,0.13
407,0.20,0.12
408,0.16,0.15
409,0.18,0.13
410,0.14,0.11
411,0.10,0.12
412,0.14,0.12
413,0.15,0.12
414,0.27,0.33
415,0.26,0.31
416,0.14,0.13
417,0.14,0.13
418,0.12,0.13
419,0.12,0.13
420,0.16,0.13
421,0.15,0.12
422,0.21,0.14
423,0.21,0.15
424,0.27,0.14
425,0.23,0.11
426,0.12,0.14
427,0.11,0.14
428,0.18,0.13
429,0.36,0.14
430,0.35,0.17
431,0.31,0.17
432,0.15,0.14
433,0.16,0.14
434,0.11,0.14
435,0.25,0.12
436,0.20,0.14
437,0.17,0.14
438,0.24,0.22
439,0.24,0.16
440,0.17,0.14
441,0.16,0.15
442,0.15,0.08
443,0.12,0.15
444,0.16,0.14
445,0.16,0.14
446,0.42,0.47
447,0.43,0.49
448,0.17,0.15
449,0.20,0.10
450,0.14,0.16
451,0.12,0.16
452,0.22,0.14
453,0.27,0.13
454,0.28,0.19
455,0.48,0.18
456,0.22,0.18
457,0.20,0.15
458,0.17,0.16
459,0.66,0.14
460,0.21,0.16
461,0.19,0.16
462,0.56,0.23
463,0.47,0.23
464,0.24,0.14
465,0.23,0.15
466,0.49,0.23
467,0.33,0.15
468,0.24,0.12
469,0.38,0.18
470,0.54,0.14
471,0.39,0.16
472,0.35,0.19
473,0.34,0.14
474,0.56,0.33
475,0.46,0.17
476,0.37,0.17
477,0.19,0.19
478,0.55,0.49
479,0.58,0.39
480,0.25,0.20
481,0.25,0.20
482,0.38,0.21
483,0.20,0.20
484,0.24,0.19
485,0.33,0.18
486,0.60,0.20
487,0.47,0.21
488,0.39,0.14
489,0.39,0.18
490,0.26,0.17
491,0.27,0.19
492,0.91,0.22
493,0.31,0.18
494,0.87,0.74
495,0.79,0.24
496,0.29,0.19
497,0.36,0.17
498,0.42,0.25
499,0.25,0.23
500,0.79,0.52
501,0.33,0.16
502,0.65,0.37
503,0.88,0.31
504,0.39,0.20
505,0.22,0.20
506,0.31,0.17
507,0.31,0.24
508,0.42,0.19
509,0.32,0.22
510,0.94,1.18
511,1.13,0.99
512,0.37,0.21
513,0.44,0.19
514,0.36,0.19
515,0.21,0.25
516,0.46,0.18
517,0.30,0.15
518,0.48,0.24
519,0.62,0.28
520,0.42,0.24
521,0.26,0.22
522,0.37,0.17
523,0.22,0.23
524,0.28,0.19
525,0.43,0.19
526,0.46,0.29
527,0.47,0.27
528,0.37,0.16
529,0.44,0.23
530,0.24,0.24
531,0.45,0.17
532,0.47,0.17
533,0.44,0.17
534,0.98,0.23
535,0.54,0.23
536,0.72,0.28
537,0.70,0.27
538,0.54,0.24
539,0.45,0.27
540,0.33,0.26
541,0.56,0.48
542,0.59,0.52
543,0.71,0.45
544,0.44,0.17
545,0.59,0.25
546,0.33,0.21
547,0.66,0.34
548,0.44,0.20
549,0.64,0.26
550,0.59,0.43
551,0.61,0.22
552,0.59,0.25
553,0.43,0.18
554,0.38,0.28
555,0.43,0.17
556,0.32,0.27
557,0.54,0.25
558,0.72,0.25
559,0.63,0.24
560,0.62,0.23
561,0.39,0.26
562,0.32,0.25
563,0.66,0.24
564,0.37,0.28
565,0.38,0.26
566,0.78,0.26
567,0.56,0.29
568,0.91,0.32
569,0.39,0.26
570,0.47,0.26
571,0.71,0.27
572,0.75,0.42
573,1.41,0.31
574,0.90,0.79
575,1.56,0.85
576,0.43,0.27
577,0.43,0.21
578,0.47,0.23
579,0.50,0.24
580,0.57,0.21
581,0.43,0.26
582,0.98,0.28
583,2.43,0.28
584,0.99,0.23
585,0.56,0.23
586,1.27,0.31
587,0.46,0.27
588,0.46,0.27
589,0.61,0.21
590,0.72,0.38
591,0.88,0.32
592,0.48,0.30
593,1.37,0.29
594,0.47,0.31
595,0.51,0.33
596,0.59,0.23
597,0.52,0.30
598,0.92,0.29
599,0.71,0.38
600,0.73,0.26
601,0.46,0.30
602,0.52,0.33
603,0.63,0.24
604,0.54,0.32
605,0.73,0.28
606,0.75,0.75
607,1.12,0.79
608,1.15,0.26
609,0.80,0.36
610,0.85,0.22
611,0.82,1.11
612,0.69,0.22
613,0.67,0.23
614,0.80,0.38
615,0.90,0.35
616,0.68,0.32
617,0.81,0.31
618,0.60,0.33
619,0.81,0.28
620,0.58,0.31
621,1.05,0.30
622,1.34,0.47
623,0.92,0.43
624,1.09,0.34
625,0.77,0.34
626,0.55,0.37
627,0.67,0.25
628,0.96,1.19
629,0.71,0.24
630,1.38,0.38
631,0.73,0.42
632,1.26,0.52
633,0.56,0.36
634,1.66,0.40
635,0.57,0.36
636,0.60,0.35
637,0.72,0.26
638,1.28,1.89
639,1.38,1.49
640,1.08,0.33
641,0.57,0.38
642,0.72,0.41
643,0.80,0.26
644,0.64,0.35
645,0.72,0.32
646,1.94,0.89
647,1.30,0.41
648,0.91,0.28
649,0.62,0.37
650,0.91,0.32
651,0.76,0.28
652,1.17,0.40
653,0.68,0.35
654,1.64,0.54
655,1.34,0.52
656,1.16,0.41
657,0.67,0.37
658,0.81,0.29
659,0.65,0.45
660,0.82,0.29
661,0.63,0.37
662,1.49,0.39
663,0.83,0.46
664,0.94,0.29
665,0.66,0.41
666,0.84,0.29
667,0.78,0.30
668,0.81,0.27
669,0.82,0.37
670,1.15,0.76
671,1.01,0.89
672,0.77,0.26
673,0.67,0.40
674,0.70,0.37
675,0.72,0.39
676,0.72,0.36
677,0.68,0.41
678,0.84,0.49
679,1.09,0.47
680,0.75,0.41
681,0.74,0.33
682,0.84,0.70
683,0.70,0.42
684,0.72,0.42
685,0.78,0.44
686,1.20,0.39
687,1.02,0.47
688,0.79,0.33
689,0.82,0.43
690,0.90,0.30
691,0.70,0.44
692,0.82,0.38
693,0.77,0.40
694,0.99,0.52
695,1.19,0.45
696,0.76,0.45
697,0.95,0.28
698,0.76,0.44
699,0.86,0.28
700,0.81,0.43
701,0.78,0.36
702,1.40,1.23
703,1.55,1.20
704,0.80,0.39
705,0.79,0.45
706,0.84,0.45
707,0.77,0.45
708,0.78,0.43
709,0.75,0.56
710,0.96,0.54
711,1.05,0.43
712,0.83,0.45
713,0.83,0.44
714,0.79,0.48
715,1.61,0.54
716,3.03,1.73
717,1.83,0.94
718,1.85,0.72
719,2.00,0.63
720,1.11,0.42
721,1.62,0.63
722,1.26,0.48
723,1.37,0.62
724,1.56,0.42
725,0.97,0.45
726,1.38,0.43
727,1.56,0.51
728,1.15,0.38
729,1.32,0.36
730,1.08,0.44
731,1.25,0.38
732,1.11,0.37
733,1.26,0.51
734,1.72,0.94
735,1.72,1.05
736,1.23,0.40
737,1.07,0.37
738,1.64,0.48
739,0.90,0.53
740,1.00,0.34
741,1.07,0.38
742,1.41,0.44
743,1.63,0.61
744,2.66,0.48
745,0.98,0.42
746,1.06,0.35
747,1.89,0.53
748,1.84,0.64
749,1.19,0.40
750,1.68,0.56
751,2.58,0.69
752,2.05,0.77
753,2.24,0.96
754,1.94,0.57
755,1.58,0.54
756,1.31,0.43
757,1.41,0.45
758,1.66,0.77
759,1.53,0.55
760,1.13,0.40
761,2.31,0.47
762,1.86,0.65
763,1.08,0.45
764,1.22,0.42
765,1.29,0.42
766,4.53,2.58
767,4.67,2.83
768,1.46,0.59
769,1.52,0.66
770,1.19,0.38
771,1.84,0.58
772,1.59,0.75
773,1.17,0.46
774,1.53,0.48
775,1.59,0.65
776,1.20,0.41
777,1.45,0.47
778,1.72,0.61
779,1.34,0.46
780,1.23,0.41
781,1.42,0.49
782,2.30,0.99
783,2.02,0.64
784,1.31,0.49
785,1.78,0.55
786,1.97,0.62
787,1.92,0.64
788,1.84,0.51
789,1.63,0.50
790,2.08,0.60
791,1.83,0.79
792,1.42,0.63
793,2.03,0.63
794,1.32,0.40
795,1.43,0.49
796,1.57,0.59
797,1.96,1.10
798,2.59,1.36
799,2.27,1.42
800,1.28,0.42
801,1.86,0.70
802,1.82,0.69
803,1.86,0.60
804,2.28,0.95
805,2.37,1.07
806,2.03,0.72
807,2.09,0.66
808,1.60,0.53
809,1.66,0.55
810,2.72,0.74
811,2.16,0.79
812,2.81,0.84
813,2.36,1.18
814,3.63,1.58
815,3.77,2.52
816,2.36,0.94
817,1.66,0.60
818,1.72,1.06
819,2.10,0.86
820,3.36,0.78
821,2.40,0.62
822,3.06,1.41
823,2.34,1.21
824,1.74,0.91
825,1.66,0.59
826,1.46,0.52
827,1.66,0.61
828,1.66,0.58
829,1.84,0.74
830,3.17,3.00
831,3.70,1.70
832,2.27,0.60
833,2.10,0.86
834,1.63,0.56
835,1.80,0.56
836,1.62,0.57
837,1.64,0.66
838,2.16,1.02
839,2.88,0.80
840,2.38,0.79
841,2.37,0.86
842,2.47,0.96
843,1.70,0.67
844,1.67,0.58
845,1.59,0.83
846,2.40,0.84
847,2.61,0.86
848,1.56,0.54
849,2.10,0.72
850,1.82,0.59
851,1.90,1.01
852,1.71,0.57
853,1.91,0.58
854,2.14,0.79
855,2.29,0.84
856,2.17,0.81
857,2.18,0.64
858,1.77,0.61
859,1.70,0.69
860,1.93,1.05
861,1.97,0.64
862,2.70,1.59
863,2.39,1.39
864,1.96,0.83
865,2.61,0.99
866,2.61,0.98
867,1.73,0.67
868,2.04,0.66
869,1.73,0.73
870,2.01,1.07
871,2.58,0.96
872,2.01,0.67
873,2.04,0.68
874,2.13,0.78
875,1.94,0.91
876,1.71,1.08
877,2.31,0.70
878,2.70,0.90
879,2.54,0.84
880,1.61,0.85
881,1.80,0.98
882,1.70,0.53
883,1.65,0.54
884,2.19,0.63
885,2.12,0.68
886,2.12,0.80
887,2.14,0.73
888,2.37,0.70
889,1.81,0.59
890,2.07,0.73
891,1.95,0.62
892,2.29,0.73
893,1.73,0.59
894,4.36,2.82
895,3.84,2.67
896,2.10,0.59
897,2.04,0.66
898,1.86,0.75
899,1.70,0.59
900,1.69,0.65
901,1.72,0.60
902,2.13,0.69
903,1.96,0.68
904,1.95,0.62
905,1.72,0.56
906,1.66,0.70
907,1.69,0.56
908,1.69,0.56
909,1.74,0.58
910,2.36,0.83
911,3.46,1.19
912,1.90,0.56
913,1.69,0.55
914,1.89,0.58
915,1.99,0.67
916,2.05,0.88
917,1.93,0.72
918,2.34,0.80
919,2.21,0.72
920,1.74,0.58
921,1.97,0.58
922,1.92,0.54
923,1.94,0.57
924,2.70,1.04
925,3.14,1.18
926,3.79,2.37
927,3.98,2.49
928,2.44,0.90
929,2.24,0.80
930,1.94,0.70
931,1.97,0.55
932,2.07,0.90
933,3.18,1.21
934,3.03,1.69
935,3.24,1.17
936,2.80,0.96
937,2.85,1.62
938,3.15,1.26
939,2.04,0.78
940,2.03,0.73
941,2.01,0.68
942,2.85,1.27
943,2.78,0.90
944,1.93,0.72
945,2.19,0.70
946,2.00,0.73
947,3.10,1.52
948,2.44,1.23
949,3.35,1.01
950,3.17,1.05
951,3.78,1.65
952,2.89,1.84
953,2.31,0.82
954,2.89,1.00
955,2.15,1.35
956,2.27,1.33
957,3.02,1.05
958,4.72,2.36
959,3.60,2.85
960,2.27,1.16
961,2.57,1.01
962,2.59,0.85
963,2.53,0.76
964,2.32,0.74
965,2.28,0.76
966,2.83,1.03
967,2.82,0.99
968,2.12,0.76
969,2.26,0.78
970,2.22,0.78
971,2.30,0.90
972,2.44,0.84
973,2.49,1.17
974,4.18,1.22
975,3.73,1.19
976,2.79,1.06
977,2.28,0.93
978,2.65,1.31
979,3.04,1.02
980,2.38,0.86
981,2.75,0.98
982,2.80,1.07
983,2.79,1.36
984,2.69,1.09
985,2.75,0.91
986,2.38,0.92
987,2.36,0.90
988,2.34,0.89
989,2.54,0.93
990,2.83,2.08
991,2.67,2.06
992,2.29,0.74
993,3.34,0.93
994,3.04,1.14
995,2.58,1.26
996,2.31,1.68
997,2.69,1.19
998,3.72,1.42
999,3.16,1.43
1000,2.35,0.99
1001,2.85,0.89
1002,2.06,0.90
1003,1.92,0.81
1004,2.24,1.04
1005,2.25,0.85
1006,2.74,1.01
1007,2.83,1.09
1008,1.93,1.05
1009,1.86,0.96
1010,2.06,1.00
1011,2.08,1.01
1012,1.89,0.99
1013,1.76,0.83
1014,2.95,1.12
1015,3.11,1.03
1016,1.74,0.90
1017,1.72,0.81
1018,2.11,0.99
1019,2.25,1.02
1020,1.72,0.80
1021,1.90,0.97
1022,4.90,4.91
1023,4.81,4.88
1024,1.93,0.79
1025,1.93,0.78
1026,2.19,0.95
1027,1.89,1.05
1028,2.22,0.96
1029,3.48,0.92
1030,3.47,1.30
1031,3.57,1.24
1032,2.96,1.02
1033,1.93,1.07
1034,3.05,1.12
1035,3.31,1.22
1036,2.49,1.34
1037,3.33,1.23
1038,2.95,1.55
1039,2.88,1.15
1040,2.41,1.10
1041,1.97,0.97
1042,2.65,1.03
1043,2.79,1.19
1044,2.18,1.03
1045,2.07,1.01
1046,3.60,1.29
1047,3.46,1.29
1048,2.02,1.13
1049,2.31,1.06
1050,2.20,1.75
1051,2.33,1.01
1052,2.07,1.06
1053,2.48,1.04
1054,3.42,1.48
1055,3.14,1.77
1056,2.14,1.06
1057,2.81,1.11
1058,2.20,1.06
1059,2.33,2.03
1060,2.15,1.90
1061,2.08,1.15
1062,2.78,1.43
1063,4.06,1.19
1064,2.19,1.04
1065,2.27,1.13
1066,2.23,1.16
1067,2.80,1.22
1068,2.49,1.03
1069,2.40,0.94
1070,2.89,1.13
1071,2.98,1.45
1072,2.15,1.09
1073,2.39,1.15
1074,2.38,1.02
1075,2.27,1.10
1076,2.14,1.34
1077,2.40,1.01
1078,3.95,2.19
1079,2.97,1.36
1080,2.19,1.15
1081,2.19,1.67
1082,3.55,1.41
1083,2.36,1.12
1084,2.24,1.16
1085,2.37,1.15
1086,6.57,4.43
1087,6.35,2.95
1088,2.48,1.23
1089,3.12,2.18
1090,2.99,1.29
1091,2.46,1.21
1092,2.44,1.47
1093,3.27,1.97
1094,3.13,1.39
1095,3.04,1.65
1096,2.36,1.27
1097,3.10,1.62
1098,2.59,1.72
1099,2.53,1.32
1100,2.50,1.26
1101,3.29,1.51
1102,3.90,2.24
1103,5.85,2.14
1104,3.14,1.72
1105,3.93,1.98
1106,2.56,1.92
1107,3.40,2.12
1108,2.68,1.90
1109,3.14,1.82
1110,4.70,2.89
1111,3.32,3.40
1112,3.36,1.40
1113,2.87,1.34
1114,3.92,1.64
1115,2.58,1.26
1116,2.52,1.31
1117,3.24,2.75
1118,3.76,2.00
1119,3.72,1.57
1120,3.15,1.42
1121,2.53,1.51
1122,2.62,2.16
1123,3.56,1.41
1124,3.06,1.32
1125,2.47,2.00
1126,5.51,5.23
1127,10.04,3.37
1128,3.35,1.95
1129,3.26,1.56
1130,3.48,1.91
1131,3.00,1.97
1132,3.17,1.58
1133,3.70,1.67
1134,4.15,1.83
1135,3.98,1.68
1136,2.75,1.47
1137,4.12,2.83
1138,5.45,2.52
1139,4.03,2.02
1140,3.39,1.86
1141,3.71,2.03
1142,4.13,1.82
1143,4.11,1.98
1144,4.83,2.41
1145,4.23,2.49
1146,5.55,2.27
1147,3.20,1.61
1148,4.27,1.71
1149,3.17,1.76
1150,7.93,7.05
1151,8.58,4.72
1152,4.42,1.83
1153,4.15,1.72
1154,4.12,1.81
1155,4.29,1.83
1156,4.03,2.11
1157,3.70,2.90
1158,4.68,2.25
1159,4.45,2.11
1160,3.55,1.56
1161,3.28,2.24
1162,3.67,1.70
1163,4.46,1.45
1164,3.01,2.07
1165,3.12,1.77
1166,4.68,1.95
1167,5.73,1.97
1168,3.06,1.51
1169,3.00,1.65
1170,3.60,1.49
1171,2.80,1.34
1172,3.47,1.50
1173,2.72,1.43
1174,3.58,1.58
1175,3.61,1.67
1176,3.00,1.44
1177,3.60,1.69
1178,2.88,1.52
1179,2.84,1.40
1180,2.88,1.42
1181,2.85,1.45
1182,4.17,1.87
1183,3.78,1.73
1184,3.00,1.45
1185,2.78,1.38
1186,2.99,1.40
1187,3.02,1.84
1188,2.80,1.43
1189,3.60,1.55
1190,4.09,2.08
1191,5.25,2.30
1192,2.94,1.82
1193,3.05,1.49
1194,2.91,1.38
1195,2.94,1.38
1196,3.60,1.77
1197,3.07,1.74
1198,4.81,1.78
1199,4.16,1.72
1200,3.63,1.56
1201,4.51,1.65
1202,4.14,1.57
1203,4.10,2.00
1204,3.87,1.70
1205,4.55,1.70
1206,5.51,2.14
1207,4.53,2.16
1208,3.90,1.86
1209,3.41,1.80
1210,4.94,2.63
1211,4.90,2.16
1212,4.18,2.88
1213,4.46,2.04
1214,5.24,3.94
1215,5.84,3.97
1216,3.21,1.68
1217,3.54,1.87
1218,3.15,1.91
1219,3.32,1.53
1220,3.22,2.08
1221,3.34,1.66
1222,4.09,1.83
1223,4.31,1.82
1224,3.49,2.11
1225,3.32,1.77
1226,3.40,1.73
1227,3.28,1.63
1228,4.15,1.76
1229,3.35,1.72
1230,4.86,2.44
1231,5.01,2.32
1232,3.21,2.11
1233,3.66,1.83
1234,3.33,1.51
1235,3.36,1.64
1236,3.80,1.88
1237,3.35,1.66
1238,5.11,2.17
1239,4.77,2.23
1240,3.54,1.85
1241,3.28,2.17
1242,3.58,1.82
1243,3.78,1.62
1244,3.53,3.51
1245,3.55,1.70
1246,6.11,2.08
1247,4.94,2.87
1248,3.55,2.63
1249,3.59,2.52
1250,4.04,2.15
1251,4.27,2.26
1252,4.06,2.13
1253,4.00,1.75
1254,4.78,2.07
1255,4.77,2.79
1256,3.84,2.69
1257,4.48,1.92
1258,4.60,1.72
1259,3.95,1.77
1260,3.83,2.65
1261,3.72,2.51
1262,5.64,2.10
1263,5.60,2.79
1264,4.42,2.19
1265,4.06,1.84
1266,4.50,2.98
1267,3.73,2.55
1268,3.67,1.83
1269,4.63,1.87
1270,5.75,2.37
1271,5.29,2.63
1272,4.05,2.61
1273,4.83,2.59
1274,5.43,2.86
1275,3.80,2.38
1276,4.07,2.08
1277,4.01,2.09
1278,9.37,8.12
1279,10.29,8.28
1280,4.16,1.96
1281,3.72,2.06
1282,3.80,1.80
1283,4.07,1.80
1284,3.71,1.89
1285,3.69,1.92
1286,4.90,2.20
1287,5.09,2.34
1288,3.88,2.36
1289,3.80,1.87
1290,4.00,1.88
1291,4.03,1.87
1292,3.88,1.92
1293,4.04,1.86
1294,5.32,2.25
1295,5.63,2.65
1296,3.78,2.22
1297,3.82,1.86
1298,4.09,1.98
1299,3.96,1.82
1300,3.93,1.93
1301,4.02,1.94
1302,5.93,2.58
1303,5.13,2.37
1304,3.96,2.01
1305,3.98,1.99
1306,4.17,2.28
1307,3.99,2.37
1308,3.97,2.02
1309,3.93,1.94
1310,5.18,2.38
1311,6.07,2.78
1312,3.98,1.98
1313,4.03,1.98
1314,4.17,2.00
1315,4.42,2.00
1316,4.12,1.99
1317,3.98,1.98
1318,5.24,2.31
1319,5.22,2.28
1320,4.30,2.17
1321,4.25,2.09
1322,4.23,1.86
1323,5.24,1.94
1324,4.20,1.99
1325,4.51,2.04
1326,5.97,2.31
1327,5.97,2.47
1328,4.17,1.99
1329,6.78,3.32
1330,4.17,1.94
1331,4.22,1.93
1332,4.14,2.05
1333,4.29,2.06
1334,5.34,2.37
1335,5.30,2.52
1336,4.14,2.18
1337,4.27,2.24
1338,4.51,2.36
1339,5.37,2.14
1340,4.58,2.64
1341,5.62,2.75
1342,7.11,5.16
1343,6.62,5.36
1344,4.93,2.06
1345,4.47,2.08
1346,4.52,2.00
1347,4.65,1.97
1348,4.10,2.17
1349,4.21,2.08
1350,5.58,2.43
1351,5.50,2.41
1352,4.54,2.06
1353,4.59,2.48
1354,4.53,2.37
1355,4.75,2.05
1356,4.73,2.06
1357,4.69,2.00
1358,6.36,3.14
1359,5.83,3.11
1360,4.58,2.04
1361,4.65,2.10
1362,4.76,2.29
1363,4.52,2.19
1364,4.45,2.17
1365,4.99,2.33
1366,5.65,2.69
1367,5.99,2.36
1368,4.31,2.38
1369,4.38,2.07
1370,4.45,2.35
1371,4.84,2.02
1372,4.59,2.33
1373,4.75,2.06
1374,6.80,2.73
1375,6.51,3.53
1376,5.16,2.19
1377,4.90,2.18
1378,4.46,2.21
1379,4.56,2.02
1380,4.79,2.29
1381,4.67,2.23
1382,6.50,2.96
1383,6.27,4.73
1384,4.74,2.22
1385,4.55,2.14
1386,4.84,2.22
1387,5.12,2.13
1388,4.79,2.22
1389,4.80,2.26
1390,8.31,4.00
1391,6.04,2.79
1392,5.18,2.22
1393,4.59,2.59
1394,5.37,2.29
1395,4.89,2.10
1396,4.85,2.52
1397,5.13,2.40
1398,6.97,2.60
1399,6.05,2.60
1400,4.64,2.19
1401,4.70,2.62
1402,5.39,2.30
1403,5.07,2.14
1404,6.26,3.54
1405,5.71,2.37
1406,9.48,7.60
1407,10.35,7.78
1408,5.24,2.33
1409,4.74,2.33
1410,5.05,2.34
1411,5.33,2.34
1412,4.90,2.38
1413,5.03,2.37
1414,6.11,2.93
1415,6.63,2.62
1416,4.81,2.28
1417,4.97,2.72
1418,6.54,2.37
1419,6.92,3.09
1420,5.46,3.13
1421,5.03,2.36
1422,6.45,3.10
1423,7.02,2.78
1424,5.24,3.29
1425,5.20,2.40
1426,7.25,3.56
1427,5.63,2.47
1428,5.61,2.44
1429,5.32,2.76
1430,6.56,2.94
1431,6.69,3.12
1432,5.23,2.53
1433,6.20,2.56
1434,5.60,2.48
1435,5.56,2.65
1436,5.14,2.41
1437,6.26,3.15
1438,6.89,3.00
1439,6.57,3.65
1440,8.02,3.02
1441,5.55,3.03
1442,5.51,2.52
1443,5.34,2.69
1444,5.94,2.45
1445,5.33,2.57
1446,6.75,2.88
1447,6.46,3.43
1448,5.57,2.68
1449,5.34,2.50
1450,5.50,2.75
1451,5.42,2.40
1452,5.13,2.64
1453,5.46,2.52
1454,7.04,3.01
1455,7.38,3.27
1456,5.12,2.45
1457,5.25,3.23
1458,5.32,2.57
1459,5.67,3.26
1460,5.10,2.62
1461,8.89,3.83
1462,6.57,3.23
1463,7.81,3.30
1464,5.22,2.83
1465,5.16,2.51
1466,5.46,2.62
1467,5.97,2.48
1468,5.37,2.57
1469,5.67,2.56
1470,8.32,6.82
1471,8.32,6.59
1472,5.32,2.56
1473,5.62,2.93
1474,5.67,2.95
1475,5.97,3.40
1476,7.48,3.23
1477,6.89,2.73
1478,6.78,3.29
1479,6.70,3.44
1480,5.65,2.72
1481,6.25,2.63
1482,6.40,2.66
1483,6.08,3.57
1484,7.12,3.22
1485,5.68,2.78
1486,8.12,3.41
1487,7.27,3.43
1488,5.32,2.71
1489,6.81,2.75
1490,6.41,3.14
1491,5.60,2.62
1492,6.09,2.69
1493,5.53,2.80
1494,7.59,3.45
1495,7.23,3.20
1496,5.89,2.81
1497,7.77,3.80
1498,6.52,2.85
1499,5.84,3.05
1500,6.19,2.76
1501,6.58,2.72
1502,9.60,5.53
1503,7.94,5.13
1504,5.93,3.17
1505,9.45,3.00
1506,5.84,2.64
1507,6.25,2.73
1508,5.81,2.77
1509,6.29,3.06
1510,7.91,3.23
1511,7.16,3.78
1512,5.81,2.73
1513,5.72,2.75
1514,6.22,2.67
1515,5.94,2.79
1516,6.27,2.79
1517,6.24,3.00
1518,7.83,4.07
1519,7.58,3.36
1520,6.22,2.77
1521,5.71,3.30
1522,8.18,3.15
1523,7.90,3.08
1524,6.33,2.75
1525,5.77,3.25
1526,7.23,3.39
1527,7.67,3.26
1528,6.42,2.83
1529,6.06,3.15
1530,6.29,2.82
1531,6.52,3.15
1532,6.72,2.86
1533,6.27,3.15
1534,15.97,14.11
1535,14.78,14.15
1536,7.03,3.36
1537,6.24,3.10
1538,6.18,2.91
1539,6.38,3.02
1540,6.31,3.04
1541,6.11,3.16
1542,7.46,3.69
1543,7.43,3.41
1544,6.11,2.95
1545,6.59,2.85
1546,9.50,3.24
1547,9.31,3.33
1548,6.75,3.12
1549,6.29,3.31
1550,10.04,6.39
1551,10.48,7.81
1552,7.58,3.58
1553,7.63,4.46
1554,6.83,3.58
1555,6.49,3.34
1556,6.59,3.17
1557,6.47,3.35
1558,9.32,4.35
1559,9.54,4.50
1560,8.05,3.16
1561,6.80,3.12
1562,7.12,2.95
1563,7.13,2.99
1564,6.97,3.04
1565,6.77,3.03
1566,9.50,6.65
1567,8.94,6.59
1568,7.11,3.11
1569,7.03,3.08
1570,7.66,3.46
1571,7.65,3.93
1572,7.28,3.28
1573,7.09,3.21
1574,8.55,3.54
1575,8.34,3.52
1576,6.44,3.82
1577,6.66,3.36
1578,6.71,3.00
1579,6.67,2.98
1580,6.59,3.04
1581,6.49,3.10
1582,9.47,4.60
1583,8.55,4.25
1584,6.99,3.08
1585,6.95,3.19
1586,6.59,3.13
1587,6.84,3.84
1588,6.75,3.31
1589,7.00,3.15
1590,8.12,3.69
1591,7.96,3.60
1592,6.39,3.19
1593,6.39,3.43
1594,6.99,3.17
1595,7.01,2.95
1596,7.88,3.19
1597,7.97,3.36
1598,10.93,8.34
1599,10.67,8.22
1600,7.58,3.13
1601,6.62,3.20
1602,7.60,3.36
1603,6.92,3.10
1604,7.55,3.16
1605,7.24,3.19
1606,8.49,4.42
1607,9.52,4.10
1608,8.15,3.58
1609,10.45,5.44
1610,6.99,3.65
1611,7.77,4.43
1612,7.07,3.48
1613,7.16,3.29
1614,9.19,3.88
1615,9.12,3.80
1616,6.82,3.37
1617,6.75,3.36
1618,7.31,3.37
1619,7.21,3.11
1620,6.88,3.34
1621,6.96,3.27
1622,8.89,4.33
1623,9.06,4.23
1624,8.46,3.37
1625,8.26,3.31
1626,6.92,3.24
1627,7.30,3.13
1628,7.49,3.37
1629,7.31,4.14
1630,9.56,4.70
1631,10.10,5.07
1632,7.33,3.28
1633,7.36,3.29
1634,7.48,3.73
1635,7.65,3.22
1636,8.09,3.30
1637,7.25,3.22
1638,9.02,3.94
1639,8.50,4.33
1640,7.43,3.85
1641,7.83,3.59
1642,9.04,3.25
1643,7.12,3.26
1644,8.80,3.85
1645,9.21,3.69
1646,9.43,4.33
1647,9.40,4.37
1648,8.36,4.38
1649,7.62,3.44
1650,8.35,3.41
1651,7.85,3.43
1652,8.68,3.33
1653,7.72,3.72
1654,9.33,3.93
1655,9.25,3.93
1656,8.25,3.75
1657,7.53,3.42
1658,7.54,3.39
1659,7.54,4.09
1660,7.87,3.82
1661,8.27,3.47
1662,14.81,12.86
1663,14.75,13.22
1664,7.74,3.50
1665,7.64,3.48
1666,8.08,3.66
1667,8.34,4.01
1668,7.81,3.55
1669,7.35,3.44
1670,9.76,4.13
1671,9.80,5.35
1672,7.33,3.86
1673,7.77,3.66
1674,7.76,3.49
1675,7.72,3.97
1676,7.95,3.52
1677,8.48,3.54
1678,9.56,4.98
1679,10.59,4.17
1680,7.76,3.85
1681,8.27,3.69
1682,8.36,3.56
1683,8.51,3.43
1684,8.19,3.59
1685,9.26,4.47
1686,10.29,5.02
1687,10.59,4.22
1688,8.95,3.71
1689,8.04,3.63
1690,9.09,3.65
1691,8.02,3.69
1692,8.19,4.00
1693,9.23,3.96
1694,9.91,4.68
1695,10.18,4.69
1696,10.09,4.19
1697,9.80,5.08
1698,8.38,4.44
1699,8.72,3.63
1700,8.26,3.80
1701,8.56,4.52
1702,10.59,5.09
1703,9.93,4.78
1704,8.07,3.67
1705,8.50,3.80
1706,8.69,3.81
1707,9.40,4.06
1708,8.44,3.77
1709,8.91,3.75
1710,10.51,4.71
1711,10.51,4.63
1712,8.75,4.13
1713,8.56,3.83
1714,8.79,3.62
1715,8.25,4.11
1716,8.35,3.84
1717,7.99,3.72
1718,10.04,4.40
1719,9.70,4.64
1720,8.20,3.86
1721,7.95,4.05
1722,11.62,5.72
1723,8.73,3.68
1724,10.77,3.88
1725,8.33,3.81
1726,13.27,9.81
1727,13.38,10.11
1728,8.63,4.02
1729,8.29,4.59
1730,8.89,3.98
1731,8.96,3.74
1732,10.12,4.77
1733,10.45,4.01
1734,11.84,4.78
1735,11.31,4.54
1736,11.40,5.05
1737,10.56,5.22
1738,8.71,3.83
1739,9.94,3.81
1740,12.12,4.58
1741,11.33,4.76
1742,12.51,4.88
1743,11.54,4.74
1744,9.67,4.54
1745,9.75,4.46
1746,10.58,4.11
1747,10.17,4.70
1748,10.14,4.71
1749,9.28,4.33
1750,10.20,5.64
1751,10.24,5.28
1752,8.42,4.27
1753,9.86,4.00
1754,10.80,5.81
1755,9.84,4.03
1756,9.55,3.99
1757,9.53,3.93
1758,11.29,5.42
1759,10.73,5.50
1760,10.39,5.28
1761,9.17,4.32
1762,9.47,3.91
1763,9.90,3.81
1764,11.86,6.20
1765,9.20,3.96
1766,10.75,4.75
1767,11.19,4.58
1768,10.13,4.38
1769,9.56,3.93
1770,8.78,5.65
1771,16.23,5.15
1772,17.44,7.68
1773,13.47,6.67
1774,11.87,5.11
1775,15.02,6.84
1776,11.45,4.98
1777,9.95,4.53
1778,10.08,3.97
1779,10.00,4.48
1780,10.01,4.35
1781,9.92,4.20
1782,11.18,5.44
1783,12.79,5.21
1784,9.36,4.18
1785,9.23,4.58
1786,10.49,4.33
1787,12.59,4.68
1788,9.20,4.42
1789,9.06,4.17
1790,22.14,19.51
1791,22.00,19.53
1792,9.66,4.19
1793,13.38,4.61
1794,9.27,4.11
1795,9.18,3.98
1796,9.79,4.11
1797,13.09,4.35
1798,11.88,5.14
1799,14.28,4.91
1800,10.33,4.18
1801,10.01,4.15
1802,9.37,4.41
1803,9.27,4.86
1804,11.57,5.05
1805,10.95,4.67
1806,11.51,5.28
1807,12.26,5.23
1808,11.17,4.47
1809,11.23,4.73
1810,10.28,4.03
1811,9.97,4.04
1812,9.96,4.26
1813,10.64,4.49
1814,11.73,4.93
1815,14.67,5.30
1816,9.97,4.19
1817,9.57,4.29
1818,9.62,4.11
1819,10.66,4.77
1820,13.90,6.77
1821,10.16,4.59
1822,12.67,7.05
1823,16.19,8.07
1824,9.55,4.63
1825,9.53,4.53
1826,10.74,4.35
1827,10.95,5.57
1828,10.01,5.26
1829,10.01,4.29
1830,12.70,5.89
1831,12.48,5.36
1832,11.73,4.63
1833,11.91,4.79
1834,12.79,4.89
1835,11.07,4.58
1836,11.00,4.42
1837,13.54,4.99
1838,14.35,6.32
1839,13.55,6.15
1840,10.82,4.90
1841,11.14,4.54
1842,13.45,4.91
1843,10.95,4.37
1844,10.72,4.98
1845,10.98,4.46
1846,12.82,5.32
1847,12.88,7.09
1848,10.39,5.12
1849,10.86,4.44
1850,10.48,4.49
1851,10.76,4.55
1852,12.86,4.69
1853,11.68,4.60
1854,18.08,14.46
1855,17.53,13.23
1856,13.77,4.90
1857,13.79,4.90
1858,12.72,4.52
1859,12.33,4.52
1860,10.94,5.17
1861,11.91,4.44
1862,13.01,6.22
1863,13.08,5.37
1864,14.28,4.89
1865,11.21,4.91
1866,11.41,4.43
1867,12.64,4.89
1868,11.75,4.77
1869,11.37,4.89
1870,13.62,5.51
1871,13.59,5.48
1872,11.51,4.67
1873,13.56,6.08
1874,13.22,4.79
1875,14.07,5.03
1876,12.53,4.78
1877,12.49,5.15
1878,14.85,6.26
1879,13.89,5.90
1880,11.91,5.00
1881,12.71,4.65
1882,14.80,4.98
1883,13.85,5.48
1884,13.72,4.93
1885,14.83,6.08
1886,17.63,7.56
1887,15.12,6.78
1888,13.41,6.60
1889,12.55,5.19
1890,12.10,5.50
1891,12.25,4.56
1892,11.56,4.96
1893,11.79,4.78
1894,13.99,5.59
1895,13.72,6.65
1896,11.77,5.16
1897,13.18,5.31
1898,12.87,4.82
1899,11.71,4.93
1900,12.00,4.68
1901,12.15,4.70
1902,15.89,6.63
1903,15.34,6.21
1904,13.12,4.84
1905,12.57,4.75
1906,12.97,5.37
1907,12.45,4.83
1908,13.26,5.14
1909,12.82,4.89
1910,15.36,5.86
1911,15.02,5.84
1912,15.36,7.23
1913,17.47,6.56
1914,13.80,5.47
1915,14.04,5.08
1916,13.20,6.75
1917,13.08,5.92
1918,23.60,19.81
1919,23.44,22.06
1920,15.87,5.64
1921,12.96,5.38
1922,12.13,4.81
1923,15.26,6.42
1924,13.06,4.93
1925,14.18,6.57
1926,14.44,5.72
1927,14.12,5.85
1928,13.17,4.93
1929,12.92,5.09
1930,13.58,5.07
1931,14.82,6.00
1932,12.88,4.91
1933,12.90,5.41
1934,17.22,7.70
1935,14.79,6.13
1936,12.87,4.93
1937,12.55,5.05
1938,13.25,5.23
1939,13.73,5.05
1940,16.05,5.85
1941,16.64,6.77
1942,17.24,6.37
1943,16.12,6.51
1944,14.00,5.64
1945,13.43,5.06
1946,13.83,4.81
1947,13.54,5.16
1948,13.14,5.92
1949,14.78,5.71
1950,17.62,8.80
1951,18.20,7.79
1952,14.79,6.66
1953,16.29,5.72
1954,15.13,5.88
1955,13.98,5.73
1956,14.04,5.36
1957,16.10,6.25
1958,15.35,6.01
1959,15.06,6.02
1960,13.67,5.09
1961,13.81,5.48
1962,13.41,5.23
1963,13.43,5.31
1964,15.18,5.58
1965,16.21,6.14
1966,16.85,6.54
1967,16.61,6.71
1968,16.99,5.98
1969,19.56,9.44
1970,20.92,6.52
1971,18.91,5.74
1972,15.97,5.65
1973,14.55,5.33
1974,16.19,6.63
1975,16.30,6.18
1976,13.09,4.96
1977,13.19,4.94
1978,13.94,5.34
1979,14.14,5.34
1980,14.13,5.51
1981,14.80,5.27
1982,28.09,18.55
1983,28.77,17.60
1984,16.72,7.22
1985,16.28,6.50
1986,16.98,6.18
1987,16.04,6.05
1988,15.37,5.26
1989,15.77,5.40
1990,19.44,7.84
1991,25.50,9.67
1992,17.94,5.72
1993,16.05,5.49
1994,15.49,5.33
1995,15.03,5.30
1996,16.79,6.43
1997,16.49,6.36
1998,18.84,7.08
1999,18.88,7.09
2000,16.80,5.93
2001,19.66,6.64
2002,10.63,5.00
2003,10.17,5.05
2004,9.80,5.85
2005,10.01,5.62
2006,12.52,5.56
2007,13.25,6.94
2008,9.74,4.71
2009,9.74,4.75
2010,10.60,4.83
2011,11.24,5.40
2012,11.58,4.86
2013,10.65,5.77
2014,17.42,8.35
2015,17.90,7.87
2016,11.83,8.60
2017,15.85,5.27
2018,11.21,4.77
2019,11.14,4.87
2020,13.74,6.47
2021,13.02,5.45
2022,12.90,5.68
2023,12.87,5.72
2024,10.97,5.00
2025,11.07,5.15
2026,12.41,5.46
2027,13.67,5.23
2028,10.89,6.70
2029,10.75,5.24
2030,20.07,9.09
2031,26.52,11.21
2032,14.13,7.03
2033,13.31,6.82
2034,12.04,5.95
2035,13.35,5.67
2036,11.07,6.23
2037,13.07,5.52
2038,14.34,7.14
2039,14.06,6.08
2040,11.32,6.39
2041,11.84,5.47
2042,12.11,6.70
2043,12.24,5.06
2044,10.97,5.67
2045,11.38,5.84
2046,53.80,29.10
2047,35.34,24.67
2048,13.42,5.97
2049,12.01,5.09
2050,13.53,5.35
2051,14.82,6.56
2052,13.33,6.20
2053,13.78,6.84
2054,16.84,6.91
2055,17.87,6.32
2056,13.91,5.46
2057,13.65,6.19
2058,13.25,6.62
2059,14.40,6.22
2060,14.23,5.96
2061,13.69,5.53
2062,24.45,9.96
2063,25.63,10.08
2064,14.73,6.53
2065,15.97,7.75
2066,15.74,6.04
2067,14.46,5.59
2068,16.11,5.80
2069,16.98,7.35
2070,18.54,6.87
2071,15.13,6.19
2072,17.59,8.18
2073,14.66,6.27
2074,15.11,5.88
2075,14.53,5.74
2076,13.41,5.81
2077,13.54,5.48
2078,22.99,12.71
2079,22.67,10.82
2080,15.79,6.49
2081,14.39,6.06
2082,16.00,6.12
2083,16.45,6.07
2084,14.10,6.15
2085,13.76,5.96
2086,15.93,6.34
2087,15.82,6.58
2088,14.41,5.51
2089,16.16,7.65
2090,14.19,5.58
2091,17.67,8.34
2092,14.30,5.61
2093,13.55,5.72
2094,17.68,7.02
2095,17.84,6.90
2096,16.28,6.42
2097,16.48,6.64
2098,14.75,6.70
2099,19.89,6.79
2100,15.08,7.44
2101,15.16,6.05
2102,16.79,6.59
2103,17.29,7.36
2104,14.20,6.00
2105,14.33,6.29
2106,19.00,6.86
2107,17.58,6.38
2108,15.75,5.89
2109,17.15,5.96
2110,33.48,17.23
2111,27.39,17.04
2112,15.61,5.77
2113,14.76,5.72
2114,16.29,5.97
2115,15.73,5.66
2116,17.73,6.67
2117,14.79,6.35
2118,17.97,7.22
2119,18.29,6.98
2120,16.22,6.34
2121,15.92,6.19
2122,15.68,6.02
2123,15.63,5.93
2124,14.99,5.94
2125,15.24,7.72
2126,17.97,7.70
2127,17.91,7.38
2128,17.07,6.45
2129,21.06,7.24
2130,19.50,7.57
2131,19.42,8.33
2132,16.76,7.85
2133,16.04,6.38
2134,18.86,6.92
2135,19.10,7.22
2136,15.74,6.45
2137,16.19,5.96
2138,16.19,5.91
2139,18.90,9.72
2140,15.88,6.32
2141,16.42,6.38
2142,20.80,8.87
2143,21.52,9.17
2144,17.96,9.28
2145,17.44,7.02
2146,17.12,7.00
2147,16.98,6.23
2148,16.37,6.20
2149,16.17,6.64
2150,20.25,7.28
2151,20.37,7.66
2152,18.23,6.79
2153,19.05,9.20
2154,17.24,6.62
2155,17.24,6.30
2156,17.64,7.41
2157,22.11,6.81
2158,19.12,7.95
2159,20.21,8.39
2160,17.41,6.60
2161,20.86,7.53
2162,18.83,6.39
2163,18.40,6.67
2164,19.65,7.40
2165,21.97,7.84
2166,22.70,8.84
2167,23.14,8.92
2168,18.50,6.69
2169,18.44,7.03
2170,21.07,7.15
2171,18.85,6.88
2172,18.24,7.60
2173,18.36,7.00
2174,30.89,21.95
2175,30.63,23.97
2176,18.31,6.84
2177,18.35,6.85
2178,18.20,6.68
2179,21.27,6.99
2180,18.12,6.74
2181,18.60,6.62
2182,21.20,7.92
2183,27.98,11.77
2184,22.82,7.62
2185,17.43,7.33
2186,18.70,7.05
2187,19.04,7.57
2188,18.99,7.68
2189,17.80,6.98
2190,26.10,10.50
2191,22.00,8.95
2192,18.27,7.13
2193,18.52,6.83
2194,18.63,8.89
2195,19.44,6.62
2196,19.19,7.24
2197,19.31,7.35
2198,22.32,8.72
2199,21.92,8.93
2200,22.28,9.64
2201,23.66,10.73
2202,25.62,9.08
2203,26.21,9.29
2204,23.67,8.40
2205,22.72,8.01
2206,24.63,10.28
2207,25.28,10.30
2208,19.43,7.05
2209,18.61,7.13
2210,21.32,7.03
2211,19.78,7.06
2212,19.67,7.98
2213,19.38,7.20
2214,21.86,8.31
2215,21.82,9.04
2216,19.02,6.81
2217,19.06,6.89
2218,20.22,7.09
2219,20.34,6.92
2220,19.79,7.23
2221,19.25,7.13
2222,23.23,9.09
2223,23.15,8.60
2224,19.95,7.16
2225,20.62,7.28
2226,21.18,6.97
2227,19.97,7.18
2228,22.70,10.37
2229,21.14,8.13
2230,23.98,9.20
2231,22.51,8.65
2232,19.73,7.56
2233,20.26,7.46
2234,21.01,7.42
2235,21.08,7.36
2236,19.83,7.69
2237,19.91,7.77
2238,33.18,18.75
2239,32.05,18.74
2240,22.03,8.03
2241,22.65,7.62
2242,21.48,7.48
2243,21.39,7.25
2244,25.12,8.23
2245,20.81,7.58
2246,24.00,8.64
2247,23.80,8.50
2248,20.24,7.25
2249,20.32,7.26
2250,25.25,9.53
2251,22.29,9.16
2252,20.95,7.25
2253,20.61,7.78
2254,24.46,12.56
2255,24.42,9.45
2256,21.55,8.07
2257,22.33,7.87
2258,21.36,7.18
2259,21.42,7.79
2260,23.73,8.29
2261,21.78,7.55
2262,24.49,8.86
2263,24.34,8.65
2264,21.22,7.57
2265,23.21,7.82
2266,22.09,7.50
2267,21.90,7.52
2268,21.48,7.93
2269,21.36,7.80
2270,30.72,10.54
2271,27.76,10.67
2272,22.04,7.59
2273,21.48,7.66
2274,22.06,8.09
2275,22.18,8.06
2276,25.07,8.46
2277,22.43,8.65
2278,25.88,12.94
2279,24.97,9.40
2280,22.91,8.22
2281,22.13,8.14
2282,23.63,7.74
2283,24.17,7.99
2284,22.78,8.00
2285,22.54,7.77
2286,25.36,8.95
2287,25.36,9.45
2288,22.65,7.69
2289,25.86,10.28
2290,23.70,8.18
2291,23.76,8.49
2292,25.49,8.75
2293,25.94,8.41
2294,30.88,10.45
2295,31.29,11.54
2296,26.73,9.91
2297,25.57,9.96
2298,31.50,10.13
2299,27.14,9.46
2300,24.78,10.83
2301,26.27,9.69
2302,49.90,29.25
2303,53.49,29.50
2304,25.41,9.44
2305,26.25,8.61
2306,26.16,7.87
2307,29.37,10.81
2308,26.82,10.07
2309,26.91,7.83
2310,31.70,12.47
2311,29.58,11.44
2312,25.64,8.88
2313,25.55,9.04
2314,30.04,9.83
2315,30.50,9.46
2316,30.66,10.62
2317,29.97,9.47
2318,32.06,13.69
2319,30.57,11.98
2320,28.27,9.78
2321,27.73,9.44
2322,26.34,8.72
2323,26.56,8.84
2324,25.34,8.65
2325,25.90,8.79
2326,29.48,9.93
2327,29.43,10.33
2328,25.75,8.48
2329,26.70,8.40
2330,27.92,9.65
2331,28.68,9.18
2332,30.14,9.60
2333,30.67,9.31
2334,34.00,12.15
2335,34.29,11.73
2336,29.53,9.46
2337,29.97,9.18
2338,28.78,8.43
2339,29.08,9.80
2340,27.87,8.56
2341,31.28,9.03
2342,34.10,10.48
2343,34.32,10.40
2344,30.48,10.48
2345,29.10,8.71
2346,30.53,8.77
2347,29.91,9.14
2348,29.80,9.60
2349,30.79,10.05
2350,33.82,11.29
2351,33.35,11.52
2352,30.95,9.96
2353,30.70,9.84
2354,32.86,9.91
2355,30.84,9.80
2356,32.47,10.89
2357,30.84,10.50
2358,32.65,11.19
2359,32.38,11.28
2360,30.57,13.98
2361,29.08,9.04
2362,29.37,10.09
2363,29.24,10.01
2364,27.92,8.94
2365,29.79,9.53
2366,41.57,21.77
2367,41.45,21.43
2368,33.96,10.62
2369,33.84,11.56
2370,31.49,9.52
2371,31.14,10.09
2372,30.11,10.56
2373,29.65,10.29
2374,33.73,10.78
2375,32.19,11.01
2376,30.31,10.01
2377,30.42,10.11
2378,36.95,11.41
2379,36.79,11.32
2380,34.78,10.10
2381,31.51,9.46
2382,34.18,10.99
2383,33.78,10.85
2384,28.61,9.04
2385,27.87,9.12
2386,30.30,9.17
2387,28.90,9.65
2388,28.89,8.86
2389,29.00,8.98
2390,34.96,10.97
2391,34.92,11.51
2392,31.55,10.30
2393,33.39,10.06
2394,35.00,10.21
2395,34.37,10.81
2396,32.89,9.86
2397,34.03,10.48
2398,39.50,13.02
2399,38.55,12.54
2400,32.57,10.46
2401,32.99,10.50
2402,33.02,9.76
2403,33.63,11.99
2404,34.13,10.99
2405,33.71,10.23
2406,36.63,12.39
2407,36.14,12.14
2408,32.05,10.19
2409,31.96,9.66
2410,33.29,10.57
2411,34.25,10.58
2412,32.32,9.70
2413,33.55,10.06
2414,37.19,12.45
2415,39.87,13.41
2416,35.47,10.66
2417,33.26,11.04
2418,38.64,10.60
2419,35.42,10.17
2420,34.59,10.01
2421,37.95,10.94
2422,40.61,13.44
2423,39.85,12.64
2424,35.86,11.56
2425,37.47,10.96
2426,35.69,11.17
2427,35.83,11.10
2428,35.07,10.11
2429,35.16,10.32
2430,49.68,29.09
2431,48.78,27.79
2432,33.86,10.30
2433,34.01,10.36
2434,33.86,10.34
2435,33.79,9.96
2436,36.05,12.01
2437,34.45,10.31
2438,38.37,12.97
2439,37.39,12.74
2440,34.55,11.08
2441,35.48,10.83
2442,37.67,10.98
2443,39.91,11.19
2444,36.61,11.99
2445,36.05,15.05
2446,38.68,12.79
2447,39.11,12.86
2448,38.37,10.66
2449,35.57,10.38
2450,36.46,11.45
2451,36.89,13.26
2452,36.80,17.05
2453,38.98,12.09
2454,43.24,12.85
2455,44.82,13.35
2456,38.56,11.11
2457,38.00,10.79
2458,42.85,12.10
2459,39.75,11.65
2460,37.50,11.42
2461,38.25,11.70
2462,40.13,13.61
2463,41.10,13.17
2464,35.54,10.49
2465,35.31,11.09
2466,37.62,10.95
2467,37.85,10.65
2468,36.70,11.04
2469,36.10,11.03
2470,39.92,12.53
2471,39.29,12.31
2472,35.81,10.68
2473,36.58,11.31
2474,36.07,11.12
2475,36.76,10.90
2476,36.31,12.07
2477,37.73,10.96
2478,44.29,13.25
2479,44.80,13.60
2480,39.42,11.29
2481,44.62,12.47
2482,42.24,12.20
2483,43.38,12.61
2484,37.76,11.48
2485,43.20,11.98
2486,42.35,13.16
2487,41.50,13.15
2488,36.98,10.87
2489,40.37,11.93
2490,41.36,13.46
2491,44.26,13.74
2492,45.07,15.05
2493,47.22,13.18
2494,61.07,28.37
2495,59.80,30.25
2496,45.41,14.15
2497,40.83,12.96
2498,39.96,12.63
2499,41.10,13.01
2500,38.82,13.79
2501,44.70,17.39
2502,46.11,15.57
2503,43.84,15.30
2504,38.57,11.84
2505,39.57,12.77
2506,43.02,12.48
2507,43.04,13.17
2508,41.76,12.90
2509,41.44,12.68
2510,51.40,15.74
2511,52.12,15.73
2512,43.73,13.53
2513,46.07,13.75
2514,45.84,13.55
2515,46.84,14.60
2516,50.84,13.77
2517,48.96,13.90
2518,51.47,14.90
2519,49.62,15.04
2520,43.58,12.34
2521,43.85,12.72
2522,45.76,12.75
2523,51.87,14.74
2524,46.05,13.38
2525,44.69,12.46
2526,50.34,15.97
2527,53.12,18.32
2528,48.22,14.57
2529,45.41,13.59
2530,45.88,13.31
2531,43.10,12.64
2532,41.40,12.53
2533,40.83,12.25
2534,49.98,15.94
2535,58.01,17.92
2536,54.75,14.97
2537,46.61,13.65
2538,46.00,16.55
2539,42.21,15.54
2540,40.37,13.31
2541,41.55,12.81
2542,53.55,24.04
2543,48.20,24.19
2544,43.28,12.79
2545,41.15,12.94
2546,43.25,12.83
2547,43.43,12.85
2548,40.52,13.08
2549,47.62,14.30
2550,47.27,15.16
2551,45.98,14.74
2552,41.32,12.08
2553,40.32,12.24
2554,39.83,11.71
2555,39.20,12.36
2556,39.88,12.01
2557,45.23,12.93
2558,66.35,48.48
2559,63.47,49.00
2560,42.57,13.33
2561,42.13,12.97
2562,40.76,13.99
2563,41.01,13.83
2564,42.48,12.64
2565,45.45,12.86
2566,50.83,19.39
2567,50.88,20.38
2568,47.47,12.57
2569,46.72,12.68
2570,45.58,12.70
2571,44.71,13.64
2572,45.53,13.14
2573,45.82,12.66
2574,49.24,27.15
2575,48.73,26.87
2576,46.81,13.05
2577,42.34,12.53
2578,41.11,14.44
2579,43.74,14.80
2580,42.61,12.56
2581,43.87,13.62
2582,51.28,15.32
2583,52.23,16.05
2584,47.12,14.49
2585,46.10,13.44
2586,43.28,14.38
2587,44.32,14.10
2588,44.32,13.22
2589,48.90,14.65
2590,54.34,31.04
2591,51.46,26.25
2592,47.62,13.60
2593,43.98,14.96
2594,45.75,13.23
2595,49.69,13.48
2596,45.53,13.32
2597,43.54,12.83
2598,47.57,15.18
2599,46.96,15.00
2600,41.97,12.98
2601,42.22,12.96
2602,44.99,13.50
2603,43.68,13.20
2604,43.73,13.57
2605,42.87,13.83
2606,47.96,15.53
2607,50.34,17.34
2608,46.23,13.53
2609,47.25,14.45
2610,47.23,14.25
2611,45.83,13.85
2612,43.04,13.14
2613,43.90,13.42
2614,49.22,15.82
2615,50.07,16.55
2616,47.51,13.74
2617,47.49,13.74
2618,47.74,15.67
2619,56.77,18.02
2620,51.12,15.97
2621,49.76,15.66
2622,56.87,27.86
2623,56.01,26.09
2624,52.88,15.95
2625,51.11,16.08
2626,50.73,14.77
2627,49.56,16.26
2628,50.80,14.24
2629,48.18,13.46
2630,50.58,15.82
2631,50.92,15.59
2632,44.41,13.90
2633,43.77,12.92
2634,49.18,15.98
2635,46.47,14.04
2636,44.62,13.11
2637,43.83,13.24
2638,52.52,16.63
2639,51.73,17.56
2640,45.10,14.25
2641,43.77,14.72
2642,44.25,13.78
2643,43.73,15.52
2644,44.24,14.59
2645,46.55,14.44
2646,53.67,16.05
2647,59.96,17.79
2648,48.67,15.58
2649,49.75,14.41
2650,55.47,16.64
2651,48.79,15.73
2652,45.42,15.34
2653,46.60,14.18
2654,53.08,19.98
2655,51.07,16.88
2656,45.51,13.96
2657,45.80,14.10
2658,47.93,13.85
2659,47.72,13.87
2660,46.81,15.62
2661,49.25,13.88
2662,48.52,15.67
2663,49.22,15.65
2664,43.72,13.32
2665,44.54,15.18
2666,45.70,13.98
2667,47.36,16.02
2668,47.32,14.24
2669,49.05,14.60
2670,53.53,19.55
2671,53.63,19.67
2672,53.73,14.30
2673,47.34,13.57
2674,47.75,16.52
2675,48.77,23.67
2676,51.59,15.17
2677,51.65,16.91
2678,54.47,16.66
2679,53.32,16.93
2680,53.72,16.23
2681,49.32,14.93
2682,53.12,15.05
2683,50.56,14.77
2684,46.37,13.80
2685,47.52,14.54
2686,64.39,47.72
2687,62.45,47.68
2688,49.32,15.93
2689,50.59,14.69
2690,51.50,14.89
2691,49.89,14.21
2692,50.13,15.30
2693,51.49,14.75
2694,53.49,20.63
2695,53.72,20.22
2696,55.48,15.79
2697,53.16,15.40
2698,50.96,15.62
2699,58.05,16.80
2700,54.87,15.68
2701,50.81,14.43
2702,55.52,17.05
2703,54.56,17.39
2704,52.26,15.28
2705,48.33,17.13
2706,47.83,14.54
2707,48.14,15.21
2708,46.27,16.50
2709,45.13,16.48
2710,55.57,17.65
2711,52.95,17.00
2712,48.02,15.68
2713,47.49,15.70
2714,49.74,14.66
2715,49.13,14.44
2716,48.81,14.37
2717,50.55,15.14
2718,59.67,18.73
2719,66.44,21.16
2720,53.49,16.50
2721,54.11,16.24
2722,55.86,17.66
2723,52.17,17.02
2724,50.51,15.08
2725,49.96,14.75
2726,53.92,16.94
2727,53.22,17.64
2728,56.81,16.62
2729,55.86,15.52
2730,56.34,15.98
2731,55.60,16.17
2732,52.45,15.41
2733,52.31,15.11
2734,56.84,17.94
2735,56.51,17.54
2736,46.89,16.26
2737,49.56,16.91
2738,50.92,15.68
2739,53.45,16.13
2740,51.40,16.22
2741,48.90,15.10
2742,56.22,17.46
2743,55.18,17.35
2744,52.40,15.51
2745,51.52,15.82
2746,52.66,17.37
2747,50.82,15.70
2748,48.81,15.14
2749,49.92,15.54
2750,59.57,32.84
2751,60.45,32.89
2752,48.27,15.76
2753,49.61,17.25
2754,50.09,15.71
2755,57.02,16.63
2756,54.01,16.05
2757,52.92,16.06
2758,58.91,19.87
2759,61.86,18.65
2760,54.33,15.70
2761,52.25,15.96
2762,53.24,16.04
2763,61.44,17.84
2764,55.01,17.97
2765,50.81,17.32
2766,55.71,18.69
2767,55.31,18.83
2768,50.33,15.45
2769,50.65,15.22
2770,50.97,16.09
2771,55.23,18.07
2772,57.47,17.52
2773,54.91,15.68
2774,57.06,19.05
2775,61.20,20.27
2776,59.38,18.01
2777,60.34,19.24
2778,68.16,20.23
2779,60.24,17.25
2780,54.21,17.10
2781,56.83,17.56
2782,61.12,27.15
2783,65.19,39.02
2784,61.17,18.15
2785,55.07,17.56
2786,57.76,18.25
2787,57.52,19.10
2788,61.31,17.79
2789,65.30,18.55
2790,61.81,19.17
2791,60.42,19.29
2792,55.80,18.07
2793,55.54,17.52
2794,60.88,19.59
2795,58.66,18.14
2796,52.97,17.13
2797,54.22,17.45
2798,70.98,33.31
2799,62.49,25.15
2800,54.40,16.97
2801,54.83,18.41
2802,56.94,17.40
2803,62.48,19.62
2804,55.03,17.54
2805,74.98,19.52
2806,64.20,25.70
2807,63.71,26.88
2808,55.68,19.61
2809,56.69,18.23
2810,60.37,19.97
2811,56.68,19.74
2812,57.65,18.56
2813,63.73,20.05
2814,79.94,46.93
2815,76.72,48.46
2816,55.07,19.61
2817,59.07,19.43
2818,62.11,20.75
2819,63.08,20.06
2820,56.75,17.34
2821,53.64,17.13
2822,63.95,22.22
2823,65.21,23.10
2824,55.29,17.64
2825,53.56,17.57
2826,73.50,22.16
2827,68.58,21.27
2828,60.79,19.29
2829,57.44,17.11
2830,62.93,20.97
2831,64.86,21.07
2832,64.08,18.43
2833,60.33,18.55
2834,60.46,18.28
2835,56.68,17.99
2836,57.20,20.10
2837,69.53,21.78
2838,72.33,23.78
2839,68.81,21.89
2840,62.82,22.52
2841,63.19,20.31
2842,69.53,21.43
2843,65.15,21.19
2844,62.82,20.05
2845,60.43,18.79
2846,69.93,29.23
2847,67.25,31.77
2848,69.14,20.91
2849,66.23,20.18
2850,69.83,22.13
2851,72.21,22.33
2852,70.18,24.73
2853,71.70,23.88
2854,74.18,25.31
2855,79.29,26.86
2856,77.14,23.32
2857,69.45,20.75
2858,66.12,22.88
2859,65.48,19.74
2860,63.05,19.47
2861,61.70,19.04
2862,75.90,23.90
2863,66.96,22.32
2864,59.81,19.68
2865,62.04,20.30
2866,58.45,18.48
2867,56.18,18.12
2868,59.80,19.14
2869,57.99,19.24
2870,81.35,29.64
2871,66.17,22.80
2872,59.67,19.82
2873,58.95,19.97
2874,64.10,21.41
2875,70.94,22.52
2876,59.77,18.55
2877,59.30,19.07
2878,77.95,39.53
2879,85.33,47.62
2880,64.33,21.16
2881,60.18,19.25
2882,67.40,21.81
2883,69.27,21.62
2884,62.11,19.34
2885,64.70,19.85
2886,70.98,25.52
2887,69.48,25.47
2888,61.95,20.01
2889,62.56,22.52
2890,65.50,20.57
2891,66.31,20.91
2892,63.75,19.74
2893,62.56,19.26
2894,68.31,24.32
2895,64.33,22.27
2896,57.19,18.11
2897,68.79,22.24
2898,61.39,18.95
2899,60.01,19.35
2900,56.51,17.90
2901,55.28,17.82
2902,61.68,22.68
2903,64.29,22.44
2904,58.85,19.39
2905,66.40,21.33
2906,64.71,20.13
2907,60.06,18.85
2908,55.60,18.23
2909,59.37,21.33
2910,69.15,23.90
2911,73.94,25.95
2912,60.96,20.73
2913,62.06,20.95
2914,66.27,22.05
2915,78.73,25.18
2916,81.27,24.57
2917,69.06,21.07
2918,71.59,23.55
2919,73.05,25.56
2920,62.57,20.69
2921,66.01,20.67
2922,65.18,21.64
2923,64.34,20.72
2924,61.10,19.89
2925,63.32,19.87
2926,69.77,22.95
2927,69.62,23.16
2928,67.46,21.33
2929,64.29,20.00
2930,60.35,19.56
2931,64.03,22.16
2932,63.62,21.39
2933,64.64,20.70
2934,71.65,25.84
2935,70.30,23.55
2936,60.44,19.96
2937,69.11,20.04
2938,66.10,24.64
2939,75.73,26.55
2940,75.40,23.57
2941,67.78,20.24
2942,93.51,52.66
2943,89.98,49.22
2944,75.27,23.45
2945,73.15,21.36
2946,63.32,20.36
2947,80.55,25.97
2948,77.23,24.08
2949,70.19,21.12
2950,77.54,29.32
2951,66.81,22.98
2952,59.67,22.05
2953,64.89,21.91
2954,63.52,22.70
2955,64.40,25.45
2956,78.61,25.86
2957,73.60,23.84
2958,94.15,30.47
2959,75.66,25.38
2960,67.56,22.80
2961,74.11,25.05
2962,84.52,26.29
2963,71.59,22.99
2964,77.84,25.17
2965,76.99,24.64
2966,87.64,29.34
2967,80.10,28.77
2968,67.25,21.71
2969,67.60,22.43
2970,74.47,23.32
2971,70.79,23.44
2972,69.62,22.30
2973,72.49,23.05
2974,82.48,29.37
2975,75.34,26.92
2976,83.41,25.39
2977,78.22,25.25
2978,84.95,26.21
2979,77.25,24.77
2980,85.62,27.69
2981,71.32,22.27
2982,75.32,24.71
2983,73.50,24.87
2984,65.19,20.63
2985,70.89,22.07
2986,68.62,22.02
2987,62.88,21.30
2988,81.27,28.07
2989,84.67,25.17
2990,86.05,27.30
2991,88.13,30.83
2992,77.09,23.29
2993,69.80,22.25
2994,75.80,23.02
2995,67.57,20.94
2996,67.36,23.02
2997,72.29,24.45
2998,78.39,27.20
2999,75.81,26.68
3000,65.31,25.74
3001,61.87,18.86
3002,50.08,19.05
3003,57.20,20.04
3004,52.83,20.41
3005,50.94,19.19
3006,71.89,43.36
3007,69.74,42.39
3008,52.59,19.34
3009,55.38,24.94
3010,61.62,23.21
3011,62.51,23.31
3012,56.03,21.93
3013,52.67,19.94
3014,65.21,25.12
3015,68.39,24.88
3016,58.82,21.55
3017,59.66,20.43
3018,57.92,21.69
3019,57.27,20.99
3020,61.78,21.38
3021,62.24,22.20
3022,75.05,29.16
3023,82.99,29.55
3024,65.68,21.59
3025,62.49,21.79
3026,85.79,32.58
3027,81.87,26.68
3028,73.56,25.82
3029,73.58,24.56
3030,77.15,27.48
3031,75.33,29.09
3032,68.35,24.11
3033,67.68,24.94
3034,68.27,23.74
3035,73.64,25.26
3036,76.42,28.38
3037,67.09,23.47
3038,88.13,38.50
3039,85.76,33.69
3040,68.47,23.72
3041,74.51,28.30
3042,72.30,24.75
3043,66.69,24.09
3044,70.62,24.70
3045,66.23,22.73
3046,68.43,28.20
3047,78.59,32.51
3048,66.97,23.97
3049,62.47,23.40
3050,79.47,27.34
3051,71.09,24.79
3052,67.97,24.02
3053,66.74,23.07
3054,78.46,27.96
3055,74.45,26.10
3056,56.60,20.64
3057,65.10,25.02
3058,64.45,24.29
3059,63.58,22.96
3060,62.52,22.30
3061,60.27,22.33
3062,66.59,25.85
3063,64.99,27.19
3064,60.17,21.31
3065,58.75,21.33
3066,57.30,20.88
3067,55.86,20.67
3068,55.97,19.97
3069,54.85,20.48
3070,114.17,69.79
3071,116.78,66.91
3072,55.10,20.47
3073,56.74,20.23
3074,59.30,21.34
3075,61.64,21.91
3076,59.58,21.29
3077,58.44,21.45
3078,66.24,25.59
3079,64.72,25.77
3080,61.05,22.56
3081,60.23,21.47
3082,60.89,26.27
3083,64.38,23.04
3084,56.60,20.46
3085,57.77,20.65
3086,71.94,26.21
3087,71.90,25.99
3088,61.73,22.45
3089,61.63,21.94
3090,62.63,22.56
3091,58.79,21.74
3092,60.01,21.52
3093,56.47,20.68
3094,62.87,27.07
3095,62.61,27.13
3096,57.19,21.09
3097,70.05,23.97
3098,67.98,24.71
3099,65.05,24.25
3100,66.91,23.98
3101,67.45,23.64
3102,90.07,35.14
3103,102.13,40.58
3104,69.01,23.99
3105,96.53,43.88
3106,84.65,28.60
3107,76.30,26.45
3108,70.11,25.49
3109,67.45,23.01
3110,77.49,28.92
3111,80.98,30.82
3112,66.02,23.60
3113,61.18,22.68
3114,79.57,26.57
3115,68.69,26.14
3116,65.57,22.73
3117,66.72,27.58
3118,87.04,30.73
3119,81.47,29.10
3120,75.83,26.31
3121,79.56,28.69
3122,76.22,29.00
3123,77.13,27.88
3124,78.78,26.18
3125,68.70,27.88
3126,91.63,36.42
3127,88.50,30.53
3128,70.66,25.22
3129,67.56,25.40
3130,70.12,25.29
3131,68.33,26.72
3132,68.22,24.89
3133,66.09,25.06
3134,89.74,50.13
3135,87.18,47.86
3136,67.55,24.70
3137,63.11,27.23
3138,67.13,24.72
3139,70.30,27.56
3140,80.88,29.05
3141,84.14,29.66
3142,87.85,29.84
3143,83.74,32.06
3144,80.05,29.60
3145,81.05,29.74
3146,71.37,28.43
3147,72.89,27.56
3148,75.39,27.19
3149,74.96,26.54
3150,86.86,30.12
3151,85.09,29.76
3152,70.31,24.74
3153,63.39,22.80
3154,67.59,23.16
3155,64.57,23.00
3156,63.59,24.94
3157,66.87,24.78
3158,75.60,27.17
3159,71.96,26.52
3160,61.50,22.57
3161,66.16,25.09
3162,68.93,25.70
3163,65.73,24.40
3164,75.89,26.45
3165,79.66,30.56
3166,91.53,36.55
3167,94.69,38.44
3168,77.96,27.62
3169,72.88,27.09
3170,65.60,26.38
3171,67.66,26.07
3172,65.64,23.96
3173,64.99,25.45
3174,70.19,27.03
3175,72.94,28.94
3176,73.32,26.70
3177,83.27,29.53
3178,87.31,31.96
3179,89.20,31.96
3180,87.00,29.52
3181,78.04,29.19
3182,98.06,34.85
3183,90.48,34.29
3184,72.72,25.00
3185,67.28,25.30
3186,70.45,25.84
3187,79.78,29.39
3188,76.06,25.61
3189,69.92,25.77
3190,69.42,26.67
3191,70.69,26.79
3192,62.50,23.16
3193,65.54,24.65
3194,65.08,25.36
3195,66.82,26.37
3196,66.45,25.34
3197,75.90,31.05
3198,95.96,60.11
3199,95.36,57.84
3200,66.32,25.60
3201,64.91,24.24
3202,84.61,32.06
3203,88.64,30.99
3204,82.40,28.16
3205,73.37,24.59
3206,76.41,27.67
3207,75.83,36.43
3208,94.56,31.73
3209,80.28,27.89
3210,71.70,27.56
3211,71.08,27.15
3212,68.20,25.65
3213,75.76,26.68
3214,89.93,33.41
3215,79.64,29.59
3216,70.94,27.12
3217,71.55,27.94
3218,78.43,30.85
3219,80.27,31.40
3220,70.00,26.20
3221,62.86,25.02
3222,73.99,29.07
3223,72.86,27.63
3224,76.40,27.52
3225,72.63,25.56
3226,71.05,25.87
3227,66.50,25.43
3228,63.69,24.10
3229,62.65,23.59
3230,87.58,36.84
3231,86.87,37.16
3232,67.28,25.08
3233,69.30,25.38
3234,70.61,26.03
3235,71.06,26.25
3236,65.30,24.79
3237,65.85,24.73
3238,72.11,28.04
3239,73.99,27.89
3240,66.52,24.79
3241,67.57,24.86
3242,71.60,26.03
3243,71.53,26.37
3244,65.31,24.41
3245,65.27,24.82
3246,72.16,29.88
3247,75.34,30.09
3248,64.60,26.02
3249,65.06,25.44
3250,66.77,26.04
3251,67.33,26.17
3252,65.76,24.09
3253,66.06,24.78
3254,71.42,29.95
3255,74.87,28.15
3256,65.87,24.83
3257,68.13,27.13
3258,73.49,27.25
3259,69.08,26.11
3260,64.49,25.01
3261,63.39,26.31
3262,89.20,51.40
3263,90.33,51.21
3264,67.44,25.06
3265,68.30,25.75
3266,72.19,27.79
3267,70.94,27.64
3268,66.31,24.71
3269,66.11,25.23
3270,73.35,29.82
3271,73.21,28.79
3272,70.03,25.93
3273,70.38,26.12
3274,73.61,27.90
3275,72.28,27.54
3276,68.55,26.04
3277,67.62,26.24
3278,81.30,31.12
3279,80.21,31.12
3280,66.18,25.56
3281,66.87,25.97
3282,69.56,26.18
3283,66.98,25.86
3284,66.97,25.45
3285,66.40,25.52
3286,77.02,30.04
3287,79.07,30.98
3288,71.13,26.51
3289,69.98,26.91
3290,70.90,29.39
3291,67.73,29.48
3292,67.00,25.51
3293,65.84,25.60
3294,87.77,36.88
3295,90.11,37.62
3296,69.47,26.47
3297,71.30,27.08
3298,69.40,26.91
3299,67.85,26.15
3300,65.88,27.16
3301,65.89,26.58
3302,75.13,30.45
3303,76.34,30.03
3304,69.44,27.75
3305,69.60,27.54
3306,73.40,27.71
3307,72.18,27.57
3308,68.58,26.65
3309,68.36,25.89
3310,77.57,31.39
3311,78.51,34.39
3312,71.34,27.24
3313,70.74,27.62
3314,73.52,27.57
3315,86.89,31.99
3316,77.62,28.12
3317,71.42,27.49
3318,78.56,30.87
3319,79.73,31.76
3320,74.14,27.70
3321,71.41,27.39
3322,72.88,27.89
3323,71.64,27.21
3324,68.33,27.79
3325,68.81,26.90
3326,127.00,69.16
3327,126.85,69.14
3328,71.44,28.13
3329,75.70,29.34
3330,74.72,29.25
3331,71.59,27.47
3332,66.36,27.04
3333,66.28,27.56
3334,80.02,31.43
3335,82.01,32.05
3336,73.24,28.00
3337,73.96,27.93
3338,71.18,28.67
3339,70.51,28.62
3340,67.71,26.49
3341,71.04,27.69
3342,86.74,33.64
3343,84.65,33.50
3344,72.26,27.85
3345,70.86,27.15
3346,72.28,28.33
3347,71.77,28.54
3348,67.88,27.75
3349,70.82,28.70
3350,83.37,32.85
3351,82.53,32.33
3352,72.79,28.52
3353,71.04,28.08
3354,70.11,28.79
3355,69.08,28.55
3356,68.06,27.49
3357,70.02,28.50
3358,95.08,39.46
3359,93.41,39.59
3360,68.89,26.92
3361,69.33,27.94
3362,68.82,28.24
3363,71.54,28.89
3364,70.93,28.83
3365,74.18,29.27
3366,80.17,32.22
3367,78.69,31.93
3368,65.20,27.17
3369,64.45,27.11
3370,71.82,28.39
3371,72.68,28.71
3372,73.14,28.80
3373,75.78,29.36
3374,82.72,33.75
3375,83.20,33.31
3376,68.92,27.36
3377,68.00,28.07
3378,73.20,29.53
3379,74.45,30.09
3380,73.63,29.51
3381,71.92,28.42
3382,78.34,31.98
3383,77.28,32.49
3384,68.80,27.96
3385,68.76,28.53
3386,77.95,31.59
3387,80.74,33.68
3388,84.92,32.50
3389,83.03,32.69
3390,103.52,53.82
3391,104.58,54.43
3392,82.05,33.57
3393,84.41,31.91
3394,81.54,31.87
3395,79.07,29.91
3396,73.84,29.21
3397,74.47,30.58
3398,81.51,33.22
3399,79.03,32.30
3400,72.56,29.40
3401,71.42,28.52
3402,71.90,28.95
3403,71.91,29.52
3404,70.08,28.30
3405,70.23,28.17
3406,82.71,33.98
3407,83.57,33.75
3408,72.91,30.10
3409,69.65,28.39
3410,71.06,29.43
3411,72.08,29.78
3412,69.04,28.97
3413,71.46,29.43
3414,79.84,33.31
3415,81.11,34.94
3416,70.30,28.48
3417,69.23,28.60
3418,71.31,29.16
3419,71.44,29.39
3420,69.05,29.83
3421,71.32,30.48
3422,95.59,40.71
3423,93.83,40.83
3424,68.49,28.16
3425,71.18,28.18
3426,70.14,29.05
3427,70.43,28.95
3428,71.37,28.97
3429,72.44,29.68
3430,79.47,32.84
3431,80.07,32.69
3432,68.80,28.35
3433,68.49,28.77
3434,75.01,30.37
3435,77.19,31.68
3436,72.90,30.53
3437,71.60,29.34
3438,80.40,35.10
3439,77.70,35.49
3440,70.16,29.10
3441,70.15,29.52
3442,76.05,31.21
3443,78.82,32.17
3444,73.72,30.55
3445,71.54,29.32
3446,79.09,33.28
3447,79.13,33.52
3448,68.15,28.46
3449,67.32,28.62
3450,74.88,31.38
3451,75.90,31.32
3452,74.18,30.32
3453,70.61,28.56
3454,97.02,63.74
3455,94.18,62.80
3456,68.91,29.69
3457,72.44,30.77
3458,76.20,31.55
3459,74.58,30.34
3460,68.93,29.26
3461,67.71,27.82
3462,76.26,32.77
3463,76.60,34.09
3464,70.82,28.53
3465,72.04,29.30
3466,70.46,29.34
3467,69.19,30.75
3468,76.36,30.69
3469,68.63,28.52
3470,79.11,36.82
3471,82.79,36.61
3472,71.46,29.14
3473,78.73,30.82
3474,69.57,30.17
3475,66.01,29.66
3476,66.58,28.72
3477,66.81,28.71
3478,78.67,34.06
3479,79.97,33.26
3480,72.47,29.03
3481,69.09,28.48
3482,69.72,29.94
3483,70.33,30.53
3484,70.14,29.08
3485,73.88,30.03
3486,93.85,40.00
3487,94.94,40.57
3488,70.93,29.95
3489,70.63,29.00
3490,71.03,29.65
3491,71.21,30.62
3492,72.45,31.03
3493,72.79,30.17
3494,81.98,33.81
3495,79.34,34.30
3496,68.85,28.54
3497,69.63,28.36
3498,70.20,29.50
3499,72.62,30.57
3500,71.18,28.86
3501,70.58,28.61
3502,80.15,34.56
3503,78.56,33.92
3504,69.55,28.46
3505,69.13,28.52
3506,73.19,30.78
3507,76.75,30.61
3508,71.47,28.67
3509,69.65,28.88
3510,77.87,31.98
3511,77.63,32.41
3512,67.85,28.18
3513,71.47,29.43
3514,74.45,30.20
3515,74.37,30.64
3516,72.22,29.41
3517,69.25,28.65
3518,96.59,54.76
3519,96.92,56.01
3520,71.56,29.98
3521,71.85,29.48
3522,82.04,34.21
3523,76.08,30.29
3524,70.01,28.90
3525,70.08,28.67
3526,80.27,33.15
3527,83.46,34.06
3528,74.28,30.17
3529,74.08,29.58
3530,72.17,29.36
3531,68.64,29.25
3532,67.85,28.23
3533,68.10,28.43
3534,82.97,33.94
3535,83.31,34.41
3536,70.40,29.77
3537,69.37,29.09
3538,71.10,29.16
3539,71.37,29.32
3540,69.22,29.48
3541,73.72,29.95
3542,81.26,34.20
3543,81.45,33.36
3544,67.99,29.02
3545,66.93,28.06
3546,71.71,29.29
3547,73.47,30.15
3548,74.45,30.73
3549,74.46,30.36
3550,92.70,40.68
3551,90.58,39.97
3552,68.36,31.08
3553,70.33,29.32
3554,73.23,30.92
3555,75.31,31.88
3556,72.46,29.42
3557,70.23,28.24
3558,78.44,33.47
3559,78.99,32.93
3560,70.71,29.46
3561,71.25,29.69
3562,74.50,31.54
3563,74.20,30.78
3564,69.51,28.30
3565,66.76,27.58
3566,78.10,33.22
3567,80.98,33.49
3568,69.78,28.98
3569,70.97,29.59
3570,73.75,30.32
3571,70.42,28.73
3572,68.51,28.78
3573,68.31,28.32
3574,78.60,33.63
3575,78.98,33.59
3576,73.81,29.89
3577,72.54,29.88
3578,71.37,29.32
3579,70.95,29.21
3580,68.44,28.56
3581,68.85,28.44
3582,153.54,88.81
3583,158.27,90.01
3584,68.65,28.44
3585,68.09,28.51
3586,71.33,29.13
3587,72.51,29.49
3588,71.36,29.59
3589,73.51,30.43
3590,81.46,34.00
3591,78.08,33.45
3592,67.84,28.81
3593,69.50,28.79
3594,72.12,30.17
3595,75.65,30.78
3596,75.39,30.38
3597,71.75,28.52
3598,77.19,32.95
3599,77.58,32.37
3600,68.45,29.22
3601,70.50,29.56
3602,73.33,30.78
3603,74.96,31.22
3604,67.49,27.86
3605,66.57,27.83
3606,77.56,32.84
3607,77.51,32.30
3608,70.52,29.79
3609,71.95,29.64
3610,74.17,32.36
3611,69.41,29.57
3612,67.56,28.55
3613,68.53,27.86
3614,89.15,43.45
3615,91.04,43.69
3616,71.14,29.81
3617,71.44,29.23
3618,71.56,29.60
3619,70.00,30.01
3620,70.08,28.38
3621,71.99,29.77
3622,83.47,34.62
3623,83.65,34.83
3624,71.42,29.23
3625,74.57,31.77
3626,73.84,31.16
3627,88.48,38.29
3628,84.41,33.11
3629,81.20,32.94
3630,102.38,40.32
3631,86.52,38.77
3632,73.72,29.46
3633,77.95,31.45
3634,91.32,36.12
3635,79.76,32.12
3636,86.97,35.32
3637,81.86,32.01
3638,86.11,35.64
3639,84.43,35.14
3640,81.09,32.27
3641,77.68,32.03
3642,78.65,34.38
3643,90.17,35.55
3644,84.19,35.70
3645,76.85,31.66
3646,114.43,71.08
3647,107.39,65.42
3648,78.94,35.70
3649,86.04,37.08
3650,93.19,36.75
3651,93.99,41.65
3652,93.52,34.71
3653,88.02,35.72
3654,89.73,36.77
3655,91.30,39.01
3656,74.99,31.20
3657,75.69,29.78
3658,78.58,33.10
3659,80.78,32.25
3660,72.25,30.55
3661,73.94,30.42
3662,91.83,42.51
3663,85.52,37.44
3664,77.84,32.18
3665,87.91,36.78
3666,91.51,37.85
3667,87.35,36.21
3668,85.64,39.01
3669,82.69,34.77
3670,91.68,38.72
3671,99.40,41.38
3672,81.52,34.83
3673,84.06,33.13
3674,81.85,33.46
3675,82.69,34.36
3676,80.36,32.40
3677,82.35,32.79
3678,114.22,50.87
3679,107.72,49.38
3680,91.74,36.85
3681,91.64,38.53
3682,100.86,37.95
3683,82.78,33.35
3684,81.29,33.87
3685,81.08,35.87
3686,87.33,39.04
3687,88.34,43.61
3688,86.75,36.08
3689,96.47,40.38
3690,86.70,35.32
3691,79.30,35.87
3692,84.24,36.71
3693,82.79,36.69
3694,87.62,41.58
3695,91.84,40.10
3696,73.59,30.96
3697,74.55,31.57
3698,83.76,37.58
3699,80.35,33.76
3700,86.52,36.55
3701,86.44,36.56
3702,93.61,38.98
3703,87.72,36.89
3704,82.62,32.82
3705,129.13,45.30
3706,84.78,35.51
3707,83.43,33.76
3708,92.59,36.72
3709,87.80,38.36
3710,119.84,74.31
3711,117.73,81.78
3712,84.84,34.27
3713,79.28,33.04
3714,81.78,34.91
3715,91.15,40.00
3716,86.03,35.29
3717,83.43,34.11
3718,89.44,39.14
3719,84.44,38.29
3720,76.16,31.86
3721,77.98,32.72
3722,81.81,34.29
3723,81.17,34.29
3724,76.79,31.01
3725,79.05,33.16
3726,108.85,44.35
3727,101.24,46.86
3728,82.70,34.01
3729,80.09,33.68
3730,79.02,34.50
3731,78.15,33.33
3732,119.68,43.88
3733,83.96,34.36
3734,105.74,43.42
3735,87.71,37.50
3736,81.61,33.47
3737,83.59,34.74
3738,91.84,37.04
3739,84.34,38.77
3740,81.79,33.03
3741,79.34,33.70
3742,97.37,42.43
3743,102.66,43.01
3744,81.61,33.01
3745,85.79,39.57
3746,87.96,37.76
3747,86.05,36.16
3748,92.23,39.54
3749,82.10,34.17
3750,89.70,41.00
3751,103.67,40.51
3752,86.70,35.34
3753,79.41,37.03
3754,88.43,39.36
3755,82.39,35.59
3756,88.00,36.98
3757,91.80,37.08
3758,102.19,41.77
3759,92.93,37.81
3760,77.84,32.60
3761,78.01,32.77
3762,85.52,35.62
3763,82.62,34.59
3764,81.35,34.42
3765,87.51,35.66
3766,94.08,40.29
3767,96.50,40.63
3768,86.65,39.08
3769,99.58,40.38
3770,91.22,38.97
3771,119.38,42.88
3772,101.65,42.98
3773,89.12,36.69
3774,111.31,67.42
3775,109.93,69.69
3776,84.44,34.23
3777,86.87,37.22
3778,94.01,39.49
3779,93.22,43.14
3780,90.29,38.21
3781,81.01,33.89
3782,101.03,45.70
3783,100.06,43.91
3784,86.48,37.00
3785,95.15,38.15
3786,109.71,43.63
3787,89.21,39.74
3788,98.33,41.48
3789,107.56,44.13
3790,108.62,45.37
3791,107.33,46.14
3792,89.65,37.50
3793,110.52,49.07
3794,93.15,38.73
3795,96.36,40.51
3796,85.36,35.06
3797,88.11,37.02
3798,90.64,39.46
3799,94.95,41.35
3800,88.35,37.08
3801,88.11,35.81
3802,86.99,37.12
3803,120.59,46.42
3804,91.07,38.29
3805,92.59,39.86
3806,124.13,55.57
3807,102.84,60.91
3808,80.64,34.33
3809,81.03,35.05
3810,88.12,37.47
3811,93.68,45.15
3812,89.83,36.87
3813,95.78,39.30
3814,94.37,41.05
3815,102.95,44.03
3816,105.08,42.16
3817,89.93,37.34
3818,109.33,43.26
3819,87.30,36.12
3820,87.30,36.82
3821,96.42,40.69
3822,110.14,50.14
3823,109.84,43.57
3824,83.06,35.24
3825,93.73,38.86
3826,88.93,38.71
3827,111.63,49.12
3828,87.75,37.23
3829,87.57,36.69
3830,110.79,49.88
3831,105.93,44.35
3832,98.57,40.21
3833,88.74,37.00
3834,94.76,38.92
3835,83.97,35.82
3836,82.87,35.65
3837,85.64,36.77
3838,150.85,94.52
3839,161.53,95.18
3840,86.43,37.27
3841,86.63,37.43
3842,92.41,40.74
3843,96.30,42.24
3844,91.71,37.74
3845,104.04,51.41
3846,97.77,42.94
3847,124.98,54.54
3848,104.30,41.36
3849,103.93,40.83
3850,92.46,39.28
3851,94.71,39.96
3852,90.31,39.06
3853,91.50,38.56
3854,99.58,42.86
3855,110.99,44.71
3856,85.41,37.62
3857,93.77,38.82
3858,93.18,39.94
3859,92.12,45.80
3860,90.02,41.34
3861,95.81,54.36
3862,134.73,57.63
3863,124.41,48.67
3864,95.76,41.78
3865,93.91,39.54
3866,95.16,41.94
3867,100.30,42.38
3868,88.21,36.59
3869,88.57,37.97
3870,121.91,60.01
3871,110.01,59.90
3872,85.88,36.02
3873,89.89,41.75
3874,94.91,41.16
3875,91.16,38.84
3876,83.56,36.85
3877,85.99,36.61
3878,104.04,43.99
3879,105.52,45.70
3880,94.09,41.01
3881,96.90,40.56
3882,96.61,41.05
3883,92.07,39.23
3884,90.39,37.62
3885,95.55,40.38
3886,101.34,42.38
3887,99.04,48.45
3888,91.85,37.67
3889,88.70,43.82
3890,93.95,38.88
3891,91.72,39.06
3892,93.38,38.52
3893,85.91,36.94
3894,96.72,45.87
3895,99.07,45.78
3896,90.04,38.45
3897,90.21,40.04
3898,91.32,42.12
3899,89.38,39.62
3900,89.61,38.11
3901,85.82,38.07
3902,119.47,74.01
3903,118.86,76.47
3904,90.34,40.00
3905,99.41,40.59
3906,91.31,41.03
3907,88.91,39.09
3908,86.75,40.05
3909,90.06,42.53
3910,101.64,45.58
3911,103.10,45.32
3912,86.36,37.20
3913,84.12,37.62
3914,95.49,38.99
3915,86.75,39.23
3916,92.84,38.97
3917,85.49,38.88
3918,104.26,49.46
3919,113.32,52.86
3920,92.37,43.36
3921,94.81,40.45
3922,96.42,41.87
3923,101.65,42.57
3924,89.73,39.61
3925,93.51,40.23
3926,103.15,45.24
3927,115.86,63.68
3928,107.60,48.15
3929,97.35,42.96
3930,101.55,45.80
3931,97.59,41.98
3932,90.79,40.59
3933,102.22,42.75
3934,126.29,59.93
3935,122.94,62.85
3936,92.58,40.12
3937,98.24,40.67
3938,96.50,42.63
3939,97.64,43.42
3940,97.55,42.13
3941,94.12,40.06
3942,110.67,48.56
3943,110.47,48.05
3944,98.37,42.36
3945,99.07,42.37
3946,101.25,44.91
3947,95.93,43.32
3948,93.66,40.21
3949,91.20,39.93
3950,103.81,55.00
3951,121.19,56.87
3952,108.44,42.66
3953,97.72,43.51
3954,95.92,42.73
3955,92.58,41.07
3956,91.55,38.60
3957,88.34,38.36
3958,117.09,51.28
3959,107.02,46.09
3960,92.24,38.86
3961,95.55,44.74
3962,113.52,52.41
3963,120.06,47.02
3964,97.72,43.51
3965,97.97,41.41
3966,131.03,85.23
3967,129.78,80.41
3968,91.04,42.25
3969,94.96,42.27
3970,100.80,46.55
3971,96.76,41.64
3972,90.77,39.77
3973,91.64,40.60
3974,114.40,55.26
3975,117.80,51.18
3976,95.34,43.26
3977,101.77,45.23
3978,108.05,45.81
3979,99.27,41.84
3980,93.41,40.58
3981,99.35,44.29
3982,117.37,49.96
3983,114.06,49.23
3984,97.07,41.35
3985,101.25,43.17
3986,116.31,47.55
3987,108.48,45.70
3988,102.38,52.07
3989,113.00,47.96
3990,111.19,46.82
3991,108.45,48.22
3992,102.41,50.67
3993,100.94,46.27
3994,130.22,52.05
3995,97.27,42.47
3996,94.23,42.04
3997,89.11,40.28
3998,110.86,62.83
3999,108.98,61.00
4000,98.37,45.96
4001,106.55,41.89
4002,104.41,49.65
4003,115.27,42.65
4004,87.23,39.49
4005,102.11,45.95
4006,122.86,50.69
4007,122.00,48.98
4008,107.90,45.21
4009,100.42,45.16
4010,111.29,48.80
4011,111.00,71.67
4012,94.70,41.32
4013,111.57,52.43
4014,131.61,54.33
4015,118.02,55.57
4016,101.68,47.16
4017,102.65,48.80
4018,103.13,44.49
4019,113.42,56.50
4020,114.53,53.36
4021,105.31,51.42
4022,135.96,59.13
4023,121.99,54.61
4024,146.55,56.18
4025,112.45,52.55
4026,106.64,53.83
4027,101.62,45.48
4028,106.32,46.95
4029,105.61,48.32
4030,145.16,94.32
4031,165.42,88.93
4032,108.44,49.20
4033,102.97,47.48
4034,114.74,50.70
4035,117.06,51.74
4036,114.66,51.56
4037,121.80,53.91
4038,119.62,59.12
4039,136.20,53.03
4040,111.55,56.67
4041,107.76,48.03
4042,107.50,47.86
4043,105.35,47.03
4044,104.17,48.37
4045,106.21,45.18
4046,129.90,56.65
4047,142.72,61.85
4048,114.80,48.69
4049,109.88,47.88
4050,117.85,51.51
4051,126.24,49.96
4052,104.07,47.04
4053,113.20,54.09
4054,129.93,58.23
4055,135.41,54.39
4056,113.23,56.87
4057,112.93,52.56
4058,111.66,48.43
4059,116.00,47.66
4060,117.64,48.17
4061,109.23,48.38
4062,156.63,92.25
4063,160.17,78.07
4064,103.84,47.38
4065,96.31,45.46
4066,115.24,50.04
4067,115.22,51.46
4068,118.55,55.29
4069,116.32,49.62
4070,134.29,54.12
4071,118.70,53.04
4072,105.54,47.58
4073,132.77,53.23
4074,116.00,49.76
4075,127.90,53.27
4076,142.28,59.63
4077,134.59,59.85
4078,162.35,66.77
4079,151.52,64.09
4080,115.58,50.06
4081,107.60,47.56
4082,120.93,51.80
4083,138.57,62.91
4084,126.50,50.82
4085,114.83,52.11
4086,131.76,55.33
4087,130.01,56.04
4088,139.31,62.69
4089,196.30,85.73
4090,207.28,82.55
4091,135.28,55.16
4092,127.13,55.09
4093,122.23,51.64
4094,213.83,105.17
4095,211.65,102.56
4096,105.15,46.47
4097,115.60,51.00
4098,124.36,51.86
4099,128.41,53.13
4100,130.46,53.27
